Id,Predicted
0,1.0
1,0.99229664
2,5.1558018e-05
3,0.9999963
4,0.014515668
5,0.1107426
6,1.6868114e-05
7,0.18264642
8,1.0
9,0.99999475
10,0.0025342703
11,1.0
12,0.9995003
13,0.0021527708
14,1.1265278e-05
15,0.0011156201
16,0.037505984
17,0.9999957
18,0.16730198
19,0.0005970597
20,0.99998784
21,0.00023424625
22,0.014958173
23,1.0
24,0.99985844
25,0.0003745556
26,0.024601936
27,1.7166138e-05
28,0.9991795
29,0.0764693
30,0.08333191
31,0.0004376769
32,0.026902199
33,0.00046345592
34,0.000184834
35,0.026489317
36,0.004456371
37,0.0002284944
38,0.999911
39,1.0
40,0.005563736
41,1.0
42,0.00020605326
43,0.0067629516
44,0.68152666
45,0.99999666
46,0.99464643
47,0.43401825
48,0.02512309
49,0.026179641
50,4.8935413e-05
51,0.0003052354
52,0.100308806
53,2.8669834e-05
54,0.9994432
55,0.4292023
56,2.7000904e-05
57,0.009352326
58,0.06839198
59,0.006431937
60,5.5998564e-05
61,0.9999931
62,0.00012734532
63,0.9910816
64,0.99996865
65,0.10160455
66,0.00028431416
67,0.00999558
68,0.049377054
69,0.048788577
70,0.0006298721
71,0.9999674
72,0.058110803
73,0.00024864078
74,1.0
75,1.5228987e-05
76,0.99620366
77,0.0011808872
78,0.0017135143
79,1.2308359e-05
80,0.00017082691
81,4.261732e-05
82,0.99999225
83,0.99997354
84,0.9976741
85,0.036038876
86,0.9999559
87,7.593632e-05
88,0.99989796
89,1.0
90,0.06389558
91,0.9635163
92,0.0026869178
93,1.0
94,0.0002040267
95,0.99878275
96,0.9276609
97,0.49216413
98,0.99229425
99,0.00019079447
100,1.0
101,1.0043383e-05
102,0.00021073222
103,0.00055757165
104,2.2351742e-05
105,0.001914531
106,0.99666184
107,0.01101172
108,0.0010176897
109,0.0002540052
110,0.0732654
111,0.9999541
112,0.08074427
113,0.07270515
114,0.0027866662
115,0.9328685
116,0.9992325
117,1.4424324e-05
118,0.009205461
119,0.00048553944
120,1.0
121,0.99998283
122,0.00018262863
123,3.6984682e-05
124,0.9992498
125,0.08774662
126,0.003067255
127,0.9997184
128,0.9987043
129,0.016893208
130,0.00014480948
131,0.0463472
132,0.15689802
133,0.123283476
134,0.9999618
135,0.66052914
136,0.00024488568
137,0.98556936
138,0.0015452504
139,0.008642226
140,0.057902932
141,0.078924686
142,0.9995177
143,0.98191464
144,0.424098
145,0.1364477
146,3.1650066e-05
147,1.0
148,0.002442062
149,0.0458951
150,0.01631096
151,0.9997195
152,0.0001668036
153,0.029308975
154,0.00041088462
155,0.003673911
156,5.030632e-05
157,0.0015919507
158,0.9999969
159,0.99974954
160,0.0035880506
161,0.00036355853
162,0.9952178
163,0.9995556
164,1.23381615e-05
165,0.0005235672
166,1.0669231e-05
167,0.43152598
168,0.090400964
169,1.424551e-05
170,0.99844205
171,0.19513622
172,0.1120947
173,0.54909223
174,0.12637058
175,3.7789345e-05
176,0.013673753
177,0.024380177
178,0.00066682696
179,1.0
180,0.0027883947
181,0.9996204
182,2.8848648e-05
183,1.0
184,0.9995382
185,7.537007e-05
186,0.99935126
187,1.0
188,0.022949457
189,0.9998919
190,0.0005245507
191,9.864569e-06
192,2.0086765e-05
193,0.99903667
194,0.00010985136
195,0.0021142364
196,1.6748905e-05
197,0.9999944
198,1.0
199,2.321601e-05
200,0.9999645
201,0.99816287
202,0.99981874
203,0.00071528554
204,0.00033572316
205,0.00018674135
206,0.9965525
207,1.0
208,0.9961153
209,0.10515782
210,2.002716e-05
211,0.9997723
212,0.0010793209
213,0.00010848045
214,0.0010154545
215,0.014823437
216,1.7106533e-05
217,1.9133091e-05
218,4.762411e-05
219,0.052016646
220,0.9999569
221,9.164214e-05
222,0.9999871
223,0.00020065904
224,0.013216078
225,0.9988965
226,0.00029197335
227,0.00024941564
228,0.016539812
229,1.8179417e-05
230,0.0448882
231,0.9997506
232,0.89517945
233,4.7951937e-05
234,3.1799078e-05
235,0.00073602796
236,0.538031
237,0.99936134
238,3.0130148e-05
239,0.9999614
240,0.99989283
241,0.40908724
242,0.9983876
243,0.0033214092
244,0.9992976
245,0.000114262104
246,0.9999802
247,0.9999213
248,0.99956524
249,1.5288591e-05
250,1.0
251,1.0
252,0.12890941
253,1.0
254,3.2305717e-05
255,0.15470642
256,0.00023391843
257,0.0006251335
258,0.030310005
259,0.026254714
260,0.012042195
261,0.99999845
262,1.5109777e-05
263,1.296401e-05
264,0.06394172
265,0.99999857
266,0.9998268
267,0.00085660815
268,0.034664035
269,0.004746318
270,0.00036644936
271,0.015494317
272,0.999889
273,0.015054256
274,1.5974045e-05
275,0.9999509
276,0.95295167
277,0.45991153
278,0.9999138
279,1.6361475e-05
280,0.9297565
281,0.08084008
282,0.002969861
283,1.0
284,0.9998369
285,0.0023716688
286,0.99968696
287,0.88366497
288,1.0
289,0.99992955
290,0.9999868
291,0.0260669
292,0.99869287
293,4.5984983e-05
294,0.0015857518
295,0.00023922324
296,0.00060772896
297,2.0384789e-05
298,0.9999616
299,0.009659648
300,0.13204756
301,1.0
302,0.0005376339
303,0.0007009804
304,0.9999969
305,0.0003361106
306,0.99876827
307,0.99999344
308,0.00045362115
309,0.99963266
310,7.548928e-05
311,0.0031876862
312,2.041459e-05
313,4.3183565e-05
314,7.3611736e-06
315,1.8715858e-05
316,0.997118
317,1.0
318,0.010701776
319,0.99997234
320,0.7056451
321,0.022942066
322,0.01881373
323,0.0039852858
324,0.9992539
325,0.032419294
326,0.0061172545
327,0.01355952
328,0.9607434
329,0.0002859831
330,0.090943575
331,0.99553293
332,0.9995034
333,0.00080159307
334,0.000274688
335,0.95317876
336,1.4603138e-05
337,0.031293005
338,0.9796647
339,0.00036758184
340,1.0
341,0.99999934
342,0.11291328
343,0.45680115
344,0.13907233
345,0.029127985
346,0.2808385
347,0.041459084
348,0.9999449
349,0.012756795
350,1.0
351,0.00011727214
352,1.0
353,0.18925321
354,0.00051897764
355,0.00054728985
356,0.015763164
357,0.0072071254
358,0.99617076
359,0.0001578629
360,0.9965079
361,0.035969228
362,0.00096181035
363,0.049999893
364,0.00021702051
365,0.0002321899
366,1.0
367,0.22504675
368,0.07458332
369,0.00016701221
370,0.0018205047
371,0.07663894
372,0.056065112
373,1.3679266e-05
374,0.99999857
375,0.0012676418
376,0.0005734861
377,0.00011250377
378,0.08134103
379,0.0050290823
380,2.1129847e-05
381,0.054606438
382,0.02202323
383,0.9999987
384,0.0005505085
385,1.8388033e-05
386,1.6778708e-05
387,0.0007070005
388,1.0
389,0.99903953
390,0.99997056
391,1.4454126e-05
392,0.23965621
393,1.0
394,2.759695e-05
395,0.031041235
396,0.0015283227
397,0.021912783
398,0.9999999
399,0.9970058
400,0.000117480755
401,0.00065407157
402,0.9999465
403,0.010409385
404,0.00028327107
405,0.0016859472
406,0.0001335442
407,0.9652604
408,0.15052104
409,0.002339989
410,6.16312e-05
411,0.0013421476
412,0.99998903
413,0.13165244
414,0.036933362
415,0.9998244
416,0.00012061
417,0.0004994273
418,0.033543378
419,0.112454504
420,0.99574137
421,1.0
422,0.0037190318
423,0.99758744
424,0.013417274
425,0.99993575
426,0.00042837858
427,0.9999695
428,0.9998193
429,0.9996656
430,0.0010845363
431,0.0042794645
432,0.99995637
433,0.6521573
434,0.02149716
435,0.00038829446
436,0.0027387142
437,1.1175871e-05
438,1.8179417e-05
439,0.012391746
440,5.8323145e-05
441,0.0006683469
442,9.089708e-06
443,0.9999778
444,1.2308359e-05
445,1.0
446,0.1933938
447,1.8537045e-05
448,0.99993217
449,0.99991256
450,0.0068223774
451,0.9995936
452,0.00010859966
453,0.99997383
454,0.02430895
455,1.0
456,0.0005569756
457,0.00017258525
458,0.121581644
459,3.606081e-05
460,1.2665987e-05
461,0.77253735
462,0.9979265
463,0.012755781
464,0.00027757883
465,0.99996686
466,0.9999604
467,0.8812702
468,0.0005456209
469,0.9963002
470,1.0
471,0.07350457
472,0.9999249
473,0.00014576316
474,0.012907654
475,0.18069896
476,2.4050474e-05
477,0.030742794
478,0.9899726
479,0.0007959604
480,8.901954e-05
481,0.99972886
482,1.0
483,0.09038317
484,1.0
485,0.85412514
486,1.758337e-05
487,0.99999875
488,0.0014058053
489,0.0004993081
490,0.012399584
491,0.99984825
492,0.060984105
493,0.0011907518
494,0.06323391
495,1.4156103e-05
496,0.9667105
497,1.0
498,0.996806
499,0.99999464
500,0.012217581
501,0.00036379695
502,1.0
503,0.0012773573
504,0.114757
505,0.00017797947
506,0.058821857
507,0.9993781
508,0.0002090931
509,0.00015079975
510,0.0001925528
511,0.9999975
512,0.000323385
513,2.7686357e-05
514,0.032007396
515,0.00013011694
516,0.004319757
517,0.9999969
518,0.9996757
519,0.88013875
520,0.00070524216
521,1.1593103e-05
522,1.0
523,0.00078856945
524,0.049062967
525,0.00041159987
526,0.95488584
527,0.2429463
528,5.1766634e-05
529,0.00033521652
530,0.00018507242
531,0.026278853
532,0.018880397
533,0.9999963
534,0.047049522
535,0.031923234
536,0.99995506
537,0.9994154
538,0.99968076
539,0.0042224824
540,0.99616337
541,0.0001475513
542,3.4809113e-05
543,0.99998873
544,1.0
545,0.03633061
546,0.000102221966
547,0.0033722818
548,4.3034554e-05
549,0.012887925
550,0.0001643002
551,0.999936
552,0.9994088
553,0.3808491
554,0.9993677
555,0.00023126602
556,0.9985324
557,0.00052908063
558,0.96265775
559,0.0316498
560,0.05692789
561,0.00027245283
562,0.0002065301
563,0.080444425
564,0.07722095
565,1.0
566,0.013835788
567,0.7704482
568,0.99046844
569,1.0
570,0.00093483925
571,0.996214
572,0.23348072
573,0.00018808246
574,0.9999501
575,0.0012497008
576,0.00011011958
577,0.9989884
578,1.1146069e-05
579,0.99927926
580,0.9999446
581,0.9999589
582,0.59749347
583,1.564622e-05
584,0.99999857
585,2.5063753e-05
586,5.888939e-05
587,0.99992335
588,3.0398369e-05
589,0.9999975
590,0.0016566515
591,0.00047272444
592,0.0012792647
593,0.999893
594,0.13369882
595,0.0003182888
596,0.016529292
597,0.9999083
598,0.63016355
599,0.029965252
600,0.9999024
601,0.9993862
602,0.9999906
603,0.99995327
604,0.9999999
605,0.9997698
606,0.9999995
607,0.99997926
608,0.13138893
609,0.9985682
610,0.99991655
611,0.998615
612,0.99990416
613,0.01221624
614,1.0
615,1.0
616,0.99930966
617,0.0003399849
618,0.9999982
619,0.0005324483
620,0.00184986
621,0.99998176
622,0.014378995
623,0.053946733
624,0.0006225109
625,3.695488e-05
626,0.013354659
627,0.005733967
628,0.00016564131
629,0.0030837953
630,0.012255609
631,0.99880767
632,0.9998723
633,0.999953
634,3.33488e-05
635,0.00025859475
636,0.9999027
637,1.9133091e-05
638,0.99928975
639,6.2167645e-05
640,0.001414299
641,0.99999654
642,0.07721263
643,0.99983037
644,1.335144e-05
645,0.00014188886
646,0.99966526
647,5.7399273e-05
648,0.0034528673
649,0.96657085
650,1.2785196e-05
651,0.9999975
652,0.99961174
653,0.99701905
654,2.3901463e-05
655,0.9939342
656,0.9999967
657,0.0016718209
658,1.0
659,0.04263237
660,4.7147274e-05
661,0.09508878
662,1.5854836e-05
663,0.9518856
664,2.1457672e-05
665,2.2858381e-05
666,0.9989762
667,0.017078131
668,0.9990443
669,0.9984549
670,5.1528215e-05
671,1.8537045e-05
672,0.020178795
673,0.9999773
674,6.0528517e-05
675,0.48810488
676,0.02468741
677,0.99999785
678,0.9997264
679,0.018965423
680,0.0012262762
681,3.618002e-05
682,5.841255e-06
683,0.059776336
684,0.999992
685,0.06659669
686,0.033714056
687,1.0639429e-05
688,0.00036364794
689,4.2825937e-05
690,0.00021871924
691,0.99894536
692,0.0027006269
693,0.0005173981
694,0.99870276
695,0.99971366
696,0.21869105
697,0.0009153187
698,0.00016367435
699,0.0056892037
700,0.6822831
701,0.010344148
702,3.3080578e-05
703,0.9966587
704,0.9999986
705,0.00019702315
706,0.0042471588
707,0.07902324
708,8.735061e-05
709,0.0023081899
710,0.011432886
711,0.00083193183
712,0.99999624
713,0.03221965
714,1.8209219e-05
715,2.4169683e-05
716,0.8950436
717,0.8972401
718,0.99996203
719,0.99999917
720,0.0026798844
721,0.99893475
722,0.99997354
723,0.016791612
724,0.047840297
725,3.7163496e-05
726,0.2852954
727,0.016526729
728,1.6361475e-05
729,2.2947788e-05
730,1.0
731,0.99352443
732,0.9447911
733,1.385808e-05
734,0.9999947
735,0.3108101
736,0.9900604
737,0.9996113
738,0.034689307
739,0.0006043613
740,1.0
741,0.00023710728
742,0.00015419722
743,0.00019097328
744,1.0
745,0.00017306209
746,0.9999868
747,0.005287856
748,0.99944586
749,1.5735626e-05
750,0.9979179
751,0.00017020106
752,0.008540094
753,1.642108e-05
754,0.6819311
755,0.9987566
756,0.999589
757,0.0011666417
758,0.06381488
759,0.9957137
760,0.99999607
761,0.99988323
762,0.0002245009
763,0.017941922
764,0.9956635
765,0.00020977855
766,0.23242927
767,2.7120113e-05
768,0.98710966
769,0.0001244843
770,1.0
771,1.0
772,0.00091424584
773,0.06070888
774,0.025989413
775,8.529425e-05
776,0.00019097328
777,0.9998146
778,4.1544437e-05
779,0.99905646
780,1.0
781,0.99663794
782,0.0030063987
783,0.00028696656
784,0.0025364459
785,0.99998486
786,0.99798256
787,0.98429835
788,0.00012806058
789,0.04013124
790,0.15727699
791,0.002849996
792,0.99999523
793,0.99779725
794,2.1606684e-05
795,0.99996114
796,0.99999714
797,0.9991828
798,0.0042552054
799,0.0040584803
800,0.9998955
801,9.506941e-06
802,0.00090146065
803,1.7762184e-05
804,0.9999417
805,0.99837387
806,0.0010195076
807,0.8465572
808,0.029074997
809,3.027916e-05
810,0.024714112
811,0.024865985
812,0.0072894692
813,0.0003708005
814,0.0006017983
815,0.05099216
816,0.0002270639
817,0.00011861324
818,0.0018394887
819,0.0007250607
820,0.00029683113
821,0.40681845
822,0.9999894
823,1.4036894e-05
824,6.8604946e-05
825,0.00014960766
826,0.9991283
827,6.765127e-05
828,0.00892204
829,9.596348e-06
830,0.019499421
831,0.08297178
832,0.031247735
833,0.011031836
834,2.759695e-05
835,0.00021231174
836,0.03775823
837,0.9999062
838,0.00016748905
839,0.13662782
840,0.7775092
841,0.9998747
842,2.0951033e-05
843,0.00028517842
844,0.99724007
845,0.10772854
846,4.1544437e-05
847,0.0002104044
848,0.05279228
849,0.03215173
850,0.014277577
851,0.0026507378
852,0.9979861
853,1.0
854,0.03752497
855,0.0034389198
856,0.0009953082
857,0.0018098652
858,0.04663834
859,0.99945414
860,2.965331e-05
861,1.0669231e-05
862,0.99990267
863,1.0
864,0.00051912665
865,0.99998593
866,0.37210196
867,0.0050816536
868,0.0075475276
869,0.9995781
870,0.99998856
871,0.9999552
872,0.0009301603
873,0.99474037
874,0.00013700128
875,0.013823032
876,1.0
877,0.0003465414
878,0.811773
879,0.06245175
880,0.9955365
881,0.68643254
882,0.9997902
883,0.98988354
884,0.08851132
885,1.0
886,0.9981959
887,0.99834585
888,1.0
889,0.99904287
890,0.99994135
891,0.018573582
892,0.008616298
893,0.9995117
894,0.99989367
895,0.00010848045
896,1.0
897,1.013279e-05
898,0.00033771992
899,0.043590754
900,0.0035015345
901,0.0010890961
902,0.00692302
903,0.00091317296
904,0.21421969
905,0.08579388
906,0.03434065
907,0.99998903
908,1.0
909,0.07450977
910,0.103251755
911,0.00069606304
912,6.636977e-05
913,0.00042408705
914,1.0
915,0.03503546
916,0.9985936
917,0.5295874
918,0.9998489
919,0.04550174
920,1.0
921,0.9999982
922,0.99983615
923,0.00015240908
924,0.9992001
925,0.9988342
926,1.6897917e-05
927,0.9996198
928,0.032078475
929,1.0
930,0.00016888976
931,0.2179361
932,0.00018462539
933,9.444356e-05
934,0.9998013
935,0.00048348308
936,0.99999124
937,0.999998
938,0.01649636
939,0.00046619773
940,0.08047041
941,1.6361475e-05
942,0.9993322
943,0.9998883
944,0.00018924475
945,0.9989966
946,0.9999566
947,0.3739934
948,0.0017606616
949,0.0035861135
950,0.9999782
951,0.0012631118
952,0.00016576052
953,1.9490719e-05
954,0.026281446
955,0.0014365911
956,0.0016691983
957,0.0006658137
958,0.99997234
959,4.3332577e-05
960,0.0004937053
961,5.4329634e-05
962,0.9823098
963,1.5109777e-05
964,0.9997637
965,1.0
966,0.9998838
967,1.1265278e-05
968,0.9999898
969,0.9936211
970,1.0
971,0.99812925
972,0.9993986
973,0.99996567
974,1.9580126e-05
975,0.095436424
976,0.0012996495
977,0.023840755
978,0.46964297
979,1.6272068e-05
980,0.00017532706
981,0.0008611679
982,2.3633242e-05
983,0.00038734078
984,0.54393375
985,0.00032058358
986,0.00039577484
987,0.0005186498
988,2.9236078e-05
989,0.00015103817
990,1.7136335e-05
991,2.9325485e-05
992,1.0
993,6.586313e-05
994,0.9945288
995,0.9978235
996,0.66496116
997,0.00075408816
998,0.0002271831
999,0.00022000074
1000,0.99990964
1001,0.09695786
1002,0.99989116
1003,0.03071773
1004,0.99978113
1005,0.9998986
1006,0.9999403
1007,0.999995
1008,0.99625695
1009,0.01984477
1010,1.0192394e-05
1011,0.0001269579
1012,0.0003784299
1013,0.00052046776
1014,0.9970231
1015,0.0012132525
1016,0.99785995
1017,2.8163195e-05
1018,1.5556812e-05
1019,0.0008687377
1020,0.99990356
1021,0.99996626
1022,0.99714255
1023,1.5050173e-05
1024,0.00038853288
1025,0.0047141314
1026,0.9999982
1027,2.336502e-05
1028,1.0
1029,1.0
1030,0.034906477
1031,0.99975514
1032,1.0
1033,0.00043311715
1034,0.11871922
1035,0.56957334
1036,0.99964863
1037,0.011216551
1038,0.9990274
1039,0.0001553297
1040,0.07075375
1041,0.99992776
1042,0.034030408
1043,0.00048834085
1044,0.00014132261
1045,0.99965876
1046,0.096407324
1047,2.2232533e-05
1048,0.0005816817
1049,0.4355881
1050,0.30804443
1051,7.1555376e-05
1052,1.9282103e-05
1053,0.99994767
1054,0.9999993
1055,0.9583693
1056,0.9999981
1057,0.15722871
1058,0.95955265
1059,0.9999143
1060,2.8014183e-05
1061,0.12092736
1062,1.0
1063,0.001088649
1064,0.020063013
1065,0.9999367
1066,0.07838035
1067,0.011096388
1068,0.9293021
1069,3.373623e-05
1070,0.9999989
1071,0.00863865
1072,1.0
1073,0.0021081269
1074,0.99995923
1075,3.644824e-05
1076,9.3609095e-05
1077,0.0005635321
1078,1.0
1079,0.5860043
1080,0.0045935214
1081,1.9520521e-05
1082,0.041009545
1083,1.8537045e-05
1084,2.7388334e-05
1085,0.9999956
1086,0.99997723
1087,1.0
1088,9.953976e-06
1089,0.999995
1090,0.00013512373
1091,1.0
1092,0.00048443675
1093,0.08817226
1094,1.5318394e-05
1095,0.9999813
1096,0.024884343
1097,0.22012275
1098,0.9996772
1099,0.0016005337
1100,0.0004133582
1101,0.01790315
1102,0.0041276515
1103,0.99999964
1104,0.025220156
1105,0.006241977
1106,0.9999958
1107,0.0053057373
1108,1.6242266e-05
1109,0.99649656
1110,1.6063452e-05
1111,0.9999732
1112,0.9999689
1113,0.00065144897
1114,0.98133147
1115,0.023649693
1116,0.012321651
1117,0.00061920285
1118,0.0047158897
1119,0.008118629
1120,9.88245e-05
1121,0.00010317564
1122,0.00017416477
1123,0.020905703
1124,0.00058203936
1125,0.0016610622
1126,9.298325e-06
1127,0.00049871206
1128,0.96416295
1129,0.00048047304
1130,1.0639429e-05
1131,0.9983195
1132,3.6865473e-05
1133,0.03960082
1134,0.00051906705
1135,0.04671693
1136,0.99889153
1137,0.023977876
1138,0.9999886
1139,1.0
1140,0.00020837784
1141,0.99995625
1142,0.0482288
1143,0.00011703372
1144,0.99993026
1145,0.9993889
1146,0.0027216077
1147,0.05064562
1148,0.066939294
1149,0.84337425
1150,0.00055235624
1151,1.4960766e-05
1152,0.005592376
1153,0.9999112
1154,0.09501323
1155,0.9935914
1156,0.0009037256
1157,0.06505889
1158,0.0022742748
1159,0.00011318922
1160,1.7344952e-05
1161,0.99580944
1162,0.0043176413
1163,0.99985576
1164,0.99994683
1165,0.00029838085
1166,6.824732e-05
1167,1.5377998e-05
1168,0.13095266
1169,0.0004721284
1170,1.0
1171,0.99997693
1172,0.9956461
1173,0.015417755
1174,0.0021092296
1175,0.00781709
1176,1.1891127e-05
1177,0.981213
1178,0.9997499
1179,2.0623207e-05
1180,0.0042352974
1181,0.9336144
1182,0.07794398
1183,0.00022095442
1184,0.0038026571
1185,0.9990665
1186,3.9994717e-05
1187,0.06416637
1188,0.95511174
1189,0.9998009
1190,0.99999857
1191,0.36975664
1192,0.0005849302
1193,0.010913402
1194,3.9070845e-05
1195,0.41067094
1196,6.553531e-05
1197,4.068017e-05
1198,0.03164059
1199,0.02665788
1200,0.006695211
1201,0.99997914
1202,0.00049829483
1203,0.00048309565
1204,4.2676926e-05
1205,0.9996504
1206,0.9921427
1207,0.03167075
1208,0.103351355
1209,0.00069853663
1210,0.832269
1211,0.028075486
1212,0.715343
1213,0.0019425452
1214,0.01851967
1215,0.007326752
1216,0.00042000413
1217,0.11871871
1218,0.039761364
1219,0.9998156
1220,0.00013786554
1221,1.0
1222,0.0010332465
1223,0.9999813
1224,0.013998061
1225,0.99997103
1226,0.98798114
1227,0.99999595
1228,1.5228987e-05
1229,0.99491274
1230,0.9999964
1231,0.017297208
1232,0.095712215
1233,0.9996336
1234,1.0
1235,0.9999782
1236,2.5182962e-05
1237,1.1473894e-05
1238,6.607175e-05
1239,0.03389275
1240,0.0040380955
1241,0.0050222874
1242,0.9999714
1243,0.03197539
1244,0.0001706183
1245,1.0
1246,0.1393322
1247,4.3958426e-05
1248,0.42161262
1249,0.9994763
1250,0.0851118
1251,0.04531744
1252,0.999997
1253,0.9986757
1254,0.012274653
1255,0.99975944
1256,1.0
1257,0.14179042
1258,0.00026771426
1259,0.00080126524
1260,2.3573637e-05
1261,0.025785
1262,0.018218517
1263,0.99937654
1264,0.99994916
1265,0.999942
1266,1.9460917e-05
1267,0.0014294386
1268,1.40070915e-05
1269,0.99996734
1270,0.9999988
1271,0.99990714
1272,0.028859615
1273,0.0005773306
1274,0.0002195239
1275,0.9336002
1276,0.013168305
1277,1.0
1278,0.08043128
1279,0.8945142
1280,0.01424709
1281,1.4722347e-05
1282,0.07771793
1283,0.004683912
1284,0.99996495
1285,0.9508325
1286,0.0001527369
1287,0.07337329
1288,0.00027480721
1289,0.0018263459
1290,0.022615671
1291,0.9992894
1292,0.02597636
1293,0.9978902
1294,0.99676335
1295,0.00018808246
1296,0.025831938
1297,1.9818544e-05
1298,0.12608132
1299,0.011187941
1300,0.99999464
1301,0.99999195
1302,0.010132998
1303,0.9939287
1304,0.998189
1305,0.10791981
1306,0.052726835
1307,0.00038945675
1308,0.030126572
1309,0.06635535
1310,0.9979955
1311,1.6540289e-05
1312,4.169345e-05
1313,0.0011499226
1314,1.0818243e-05
1315,0.9999325
1316,0.001503408
1317,1.0
1318,0.0052030087
1319,0.0013091564
1320,0.03235215
1321,0.0014528632
1322,1.0
1323,0.6540622
1324,0.00039333105
1325,0.9999285
1326,0.4058509
1327,0.9985434
1328,0.0686301
1329,0.009123027
1330,1.3142824e-05
1331,9.4771385e-06
1332,0.00019133091
1333,0.0002734661
1334,0.98495984
1335,3.46303e-05
1336,0.09030178
1337,0.7332312
1338,0.99999905
1339,0.000305444
1340,1.9341707e-05
1341,0.9998608
1342,0.9950061
1343,0.99992037
1344,1.0
1345,4.7296286e-05
1346,0.00029575825
1347,0.07539791
1348,0.05958295
1349,0.10771045
1350,0.00023072958
1351,0.0032140613
1352,1.564622e-05
1353,0.9999988
1354,0.9999876
1355,0.0085813105
1356,0.99874717
1357,0.058602214
1358,1.168251e-05
1359,1.0
1360,0.043129414
1361,0.99853563
1362,1.22487545e-05
1363,0.0001976788
1364,0.015561014
1365,0.99880385
1366,0.047612816
1367,0.93582606
1368,0.9999999
1369,0.006319493
1370,0.011905968
1371,0.0001848638
1372,0.06818995
1373,0.04842794
1374,0.9999931
1375,0.9951499
1376,0.03081739
1377,0.0036856532
1378,0.00022792816
1379,9.119511e-06
1380,0.9986317
1381,0.0013907254
1382,1.0
1383,0.0005146563
1384,0.9931
1385,1.5765429e-05
1386,0.9999957
1387,1.4811754e-05
1388,0.07582104
1389,0.99978405
1390,0.00016513467
1391,0.02317679
1392,0.0006765723
1393,0.9999969
1394,0.011684537
1395,0.99994326
1396,0.021376908
1397,0.9999964
1398,3.901124e-05
1399,0.0002246499
1400,0.999758
1401,0.00040990114
1402,0.4341194
1403,1.0
1404,1.579523e-05
1405,0.060414523
1406,0.6937325
1407,0.00023123622
1408,0.9999678
1409,1.0
1410,0.99987906
1411,0.00025317073
1412,0.003881365
1413,0.9999928
1414,0.0047513545
1415,0.99947745
1416,0.99216324
1417,0.9999989
1418,0.38502544
1419,0.9999473
1420,0.99996257
1421,0.021878988
1422,0.04736024
1423,1.0
1424,0.014984608
1425,0.0019990504
1426,1.0
1427,0.08328247
1428,1.0
1429,0.016441047
1430,2.5868416e-05
1431,1.0
1432,0.00018152595
1433,0.99994254
1434,0.000369668
1435,0.00035446882
1436,0.00019058585
1437,0.0036700964
1438,0.12936068
1439,3.7282705e-05
1440,1.8835068e-05
1441,0.00034570694
1442,0.0035319626
1443,0.00027528405
1444,1.0728836e-05
1445,0.99763626
1446,0.9999709
1447,0.00014838576
1448,0.97688615
1449,0.999768
1450,0.0022924542
1451,0.003583163
1452,0.9991051
1453,0.0045027733
1454,0.0048033297
1455,2.8431416e-05
1456,0.012565643
1457,3.924966e-05
1458,0.9999954
1459,0.033878773
1460,0.0511387
1461,0.00022172928
1462,8.08835e-05
1463,0.02466157
1464,0.9975432
1465,0.0027029216
1466,1.0
1467,0.9702032
1468,0.14939913
1469,1.0
1470,0.02724567
1471,0.031829745
1472,0.9987097
1473,0.9999955
1474,0.99971026
1475,0.00024858117
1476,4.8220158e-05
1477,0.00015082955
1478,0.00056549907
1479,0.45019072
1480,0.028830886
1481,0.0037029088
1482,1.3381243e-05
1483,0.99921626
1484,0.13707525
1485,0.062045127
1486,0.0062832534
1487,1.0788441e-05
1488,9.953976e-06
1489,0.8696592
1490,0.0005737245
1491,1.1652708e-05
1492,0.00034812093
1493,0.16778898
1494,0.00030517578
1495,0.9999317
1496,2.4408102e-05
1497,1.0
1498,0.00196293
1499,0.999008
1500,0.9999957
1501,1.0
1502,1.0
1503,0.00026524067
1504,0.00027698278
1505,0.00036284328
1506,0.999951
1507,0.9872219
1508,0.0035595596
1509,0.9999887
1510,0.050175488
1511,0.0003569126
1512,0.0002271533
1513,0.024609
1514,0.025204003
1515,2.0176172e-05
1516,0.9999713
1517,0.99999785
1518,0.99999636
1519,0.9999869
1520,1.0
1521,4.7773123e-05
1522,1.9580126e-05
1523,3.7044287e-05
1524,1.40964985e-05
1525,0.04906234
1526,0.0002142191
1527,0.00016108155
1528,1.6778708e-05
1529,0.99995077
1530,0.9988015
1531,0.9998634
1532,0.0024769902
1533,0.9991325
1534,0.010594875
1535,0.028845757
1536,0.9941665
1537,0.0051395
1538,0.046432763
1539,0.99999833
1540,0.37305242
1541,0.99999714
1542,0.0016074181
1543,0.18362916
1544,0.14769158
1545,1.2010336e-05
1546,0.00045990944
1547,0.15223011
1548,0.00022271276
1549,0.99992394
1550,0.99996793
1551,0.9999964
1552,0.999885
1553,2.5004148e-05
1554,0.021413922
1555,1.7732382e-05
1556,0.5030787
1557,0.014304429
1558,0.019991398
1559,0.62152666
1560,0.9972505
1561,0.04183185
1562,0.00012511015
1563,0.36437735
1564,4.374981e-05
1565,1.0
1566,0.9997477
1567,0.0005046725
1568,2.1368265e-05
1569,0.02680403
1570,0.02052489
1571,0.005016327
1572,1.3291836e-05
1573,0.0045854747
1574,0.016911328
1575,9.596348e-05
1576,0.00499326
1577,0.9997711
1578,0.99758625
1579,0.00022521615
1580,0.012420565
1581,0.9986551
1582,0.004514277
1583,0.00053170323
1584,0.9999768
1585,0.9995935
1586,0.34142557
1587,0.0058521926
1588,0.9999993
1589,0.04095179
1590,0.999959
1591,0.99994946
1592,0.022960067
1593,0.0049124956
1594,3.8266182e-05
1595,0.9999962
1596,1.1026859e-05
1597,4.23491e-05
1598,0.015083224
1599,0.104332
1600,0.019783676
1601,0.99994445
1602,1.0
1603,1.835823e-05
1604,0.07186118
1605,0.9420942
1606,5.415082e-05
1607,1.92523e-05
1608,2.1785498e-05
1609,0.00071179867
1610,0.08671257
1611,0.00020891428
1612,0.02572015
1613,0.9996311
1614,0.0048346817
1615,0.9998921
1616,0.00027373433
1617,0.000119656324
1618,1.0
1619,0.08828315
1620,0.0739508
1621,0.052640945
1622,0.9994345
1623,0.0035162866
1624,0.00043609738
1625,0.99968004
1626,0.002534479
1627,0.9999863
1628,8.583069e-06
1629,0.00066000223
1630,0.94731486
1631,4.503131e-05
1632,0.11860067
1633,0.24359167
1634,1.9431114e-05
1635,0.00042447448
1636,0.99981964
1637,1.0
1638,0.002364248
1639,0.012648821
1640,0.6389876
1641,0.99066424
1642,0.00034359097
1643,0.00029173493
1644,0.055246353
1645,0.0030647516
1646,0.00015968084
1647,0.030908942
1648,0.9999981
1649,0.9999632
1650,0.0009588897
1651,1.0
1652,0.00028204918
1653,0.0576303
1654,0.027037114
1655,0.0008645952
1656,0.012551308
1657,0.031956583
1658,0.00030452013
1659,0.017611235
1660,0.9957031
1661,3.20673e-05
1662,1.7881393e-05
1663,0.99957585
1664,0.0002811849
1665,3.5643578e-05
1666,1.0
1667,0.99644285
1668,0.0024596453
1669,0.0024944246
1670,0.015530944
1671,0.0013024211
1672,1.2934208e-05
1673,0.00033581257
1674,1.9967556e-05
1675,0.99993896
1676,0.9779755
1677,0.9277542
1678,0.9985671
1679,0.019271582
1680,0.10999018
1681,1.3619661e-05
1682,0.018570095
1683,0.00014057755
1684,0.00036644936
1685,0.123744786
1686,0.00039213896
1687,0.020745605
1688,0.0010464787
1689,0.99734807
1690,0.00031590462
1691,2.092123e-05
1692,0.0039441884
1693,0.0021906197
1694,0.060468435
1695,0.99999154
1696,0.00014573336
1697,0.08120003
1698,2.2411346e-05
1699,0.0010656118
1700,0.9999465
1701,0.004481554
1702,0.9494933
1703,0.99988306
1704,0.96840423
1705,5.2779913e-05
1706,0.8116839
1707,0.047675222
1708,0.00036630034
1709,0.99121094
1710,5.3167343e-05
1711,0.00035759807
1712,0.00018703938
1713,0.8612402
1714,0.999962
1715,1.0
1716,0.999908
1717,1.0
1718,0.74366593
1719,0.012074769
1720,0.036951363
1721,0.99997795
1722,0.99821776
1723,0.99998236
1724,0.0002015233
1725,0.043551505
1726,0.99997437
1727,0.999998
1728,1.0
1729,0.0016042292
1730,0.9948882
1731,0.9999901
1732,0.9999982
1733,3.990531e-05
1734,1.0
1735,0.073396444
1736,0.2825219
1737,9.5665455e-06
1738,0.9963895
1739,0.025477827
1740,0.039222687
1741,0.9999983
1742,0.00057166815
1743,0.0004774034
1744,0.30297953
1745,1.3291836e-05
1746,0.014280826
1747,0.9999155
1748,0.00020581484
1749,0.25045067
1750,0.24485326
1751,0.00036337972
1752,9.685755e-06
1753,0.9998455
1754,0.00018894672
1755,0.0025102794
1756,1.4901161e-05
1757,0.009408146
1758,0.014422208
1759,0.11237922
1760,0.043595433
1761,1.1026859e-05
1762,0.0007074177
1763,0.0005581975
1764,0.9913797
1765,1.2606382e-05
1766,0.00073078275
1767,0.24910203
1768,2.1547079e-05
1769,0.03225735
1770,0.9817047
1771,0.037426263
1772,0.9961363
1773,0.11586848
1774,0.0024800599
1775,0.99998736
1776,0.00021016598
1777,0.99996084
1778,0.0002696514
1779,0.03877777
1780,0.9202191
1781,0.012258142
1782,0.099909574
1783,0.00039422512
1784,0.00014162064
1785,0.012085199
1786,0.9999714
1787,0.0004428923
1788,0.99630326
1789,0.9435173
1790,0.00061404705
1791,0.014384031
1792,0.0032859147
1793,0.034480333
1794,0.00025355816
1795,9.894371e-06
1796,0.99995947
1797,0.06308019
1798,8.442998e-05
1799,0.9889591
1800,3.9488077e-05
1801,0.1142956
1802,1.6838312e-05
1803,0.9999607
1804,0.05488792
1805,0.005787641
1806,1.1950731e-05
1807,0.9939208
1808,1.0788441e-05
1809,0.0001296997
1810,0.9998271
1811,0.999998
1812,0.00013291836
1813,0.02192247
1814,0.99999845
1815,7.867813e-06
1816,1.0
1817,0.00026664138
1818,0.9960996
1819,0.9999722
1820,0.0005711317
1821,0.99813616
1822,0.9999844
1823,1.6540289e-05
1824,0.000579983
1825,0.024256349
1826,0.9999479
1827,9.179115e-06
1828,0.96781737
1829,1.3530254e-05
1830,0.00018787384
1831,0.00063559413
1832,0.0003054142
1833,0.0005978942
1834,0.011329591
1835,0.9932177
1836,6.788969e-05
1837,0.9998558
1838,3.07858e-05
1839,0.0005283356
1840,0.9999726
1841,0.0016685426
1842,0.00037530065
1843,1.0
1844,0.98248756
1845,0.02951026
1846,1.0
1847,0.9999093
1848,1.1056662e-05
1849,0.99954224
1850,0.31152546
1851,0.0016228259
1852,1.7374754e-05
1853,0.00074729323
1854,0.00024798512
1855,0.9999618
1856,0.0014317334
1857,0.44588244
1858,1.0
1859,9.381771e-05
1860,0.0007301569
1861,0.0016693473
1862,0.999992
1863,0.008767754
1864,0.9971505
1865,0.0005597174
1866,1.0
1867,0.0024771988
1868,8.3357096e-05
1869,0.00013902783
1870,0.9999752
1871,4.3541193e-05
1872,0.000110954046
1873,0.24013987
1874,0.001547724
1875,0.99996513
1876,0.010439962
1877,0.99997354
1878,0.0021605194
1879,1.0
1880,0.95511174
1881,0.020897508
1882,0.012539923
1883,0.9998999
1884,0.9991891
1885,0.9995916
1886,0.2119767
1887,0.00047844648
1888,0.06525263
1889,7.644296e-05
1890,0.0026096106
1891,0.006691575
1892,0.02621901
1893,0.7912676
1894,2.926588e-05
1895,0.005310148
1896,0.0013431907
1897,0.99993086
1898,0.8311784
1899,0.08471805
1900,0.00016072392
1901,0.00022509694
1902,0.9966894
1903,0.050958157
1904,1.898408e-05
1905,1.0
1906,0.008065671
1907,0.9999988
1908,1.0
1909,0.99963063
1910,0.026873648
1911,0.0007342994
1912,0.011246324
1913,0.028407782
1914,0.042025477
1915,0.99322796
1916,0.98428154
1917,0.013121158
1918,0.09721136
1919,0.99770427
1920,0.15779752
1921,0.041445583
1922,1.0
1923,0.00033384562
1924,0.9999975
1925,1.4454126e-05
1926,0.0036276877
1927,1.5199184e-05
1928,0.99584055
1929,0.00016745925
1930,1.0
1931,0.00024601817
1932,0.00015413761
1933,0.007244259
1934,1.0
1935,0.02096206
1936,2.1100044e-05
1937,0.9999989
1938,0.00020390749
1939,0.0021179318
1940,1.6361475e-05
1941,0.00018751621
1942,0.99450403
1943,0.0006181896
1944,0.06446898
1945,0.99955976
1946,0.99999994
1947,0.9997107
1948,0.99998456
1949,0.006544411
1950,0.9925178
1951,0.9988521
1952,0.000120192766
1953,0.0015129447
1954,0.99884427
1955,0.00084507465
1956,0.00057286024
1957,0.9989161
1958,0.9995929
1959,0.9999398
1960,0.15503412
1961,0.0028565824
1962,0.99966955
1963,0.1872417
1964,0.00044596195
1965,0.036556512
1966,0.00020086765
1967,1.0
1968,0.03752616
1969,1.680851e-05
1970,1.0
1971,0.01205197
1972,0.002142936
1973,4.5090914e-05
1974,1.9609928e-05
1975,0.999997
1976,0.9999981
1977,0.00378111
1978,0.9999914
1979,0.0324156
1980,0.99993396
1981,0.99997765
1982,0.16187558
1983,0.015684903
1984,0.99841326
1985,0.05883369
1986,1.0
1987,0.001146555
1988,0.03893307
1989,0.0011553168
1990,0.005433142
1991,0.0001629889
1992,8.08537e-05
1993,0.9994573
1994,0.00077822804
1995,0.99547505
1996,0.16123766
1997,0.99992573
1998,1.0
1999,0.34575796
2000,1.0
2001,0.120141745
2002,0.923808
2003,0.9998142
2004,0.99987054
2005,0.027407914
2006,0.009726495
2007,0.1721425
2008,0.24848968
2009,1.0
2010,0.9999982
2011,0.48043498
2012,0.06283599
2013,1.0
2014,0.078374356
2015,0.0004069209
2016,0.9999859
2017,0.098632425
2018,4.9859285e-05
2019,0.99978095
2020,0.24669859
2021,0.9999957
2022,0.070500165
2023,0.00053068995
2024,0.9976827
2025,0.0002581179
2026,0.020168573
2027,0.9999068
2028,0.0068999827
2029,0.019047022
2030,1.0
2031,0.9988823
2032,0.9999976
2033,0.99993974
2034,0.006531149
2035,0.04002756
2036,0.99992204
2037,0.9173108
2038,0.024370551
2039,0.017634034
2040,0.05452639
2041,0.17997664
2042,0.02401483
2043,0.013988227
2044,0.0006251931
2045,1.0
2046,0.00086042285
2047,0.9995126
2048,0.00029429793
2049,1.3709068e-05
2050,0.00067690015
2051,0.0001295507
2052,0.00010716915
2053,0.051516235
2054,0.0008867979
2055,0.0013041794
2056,1.0162592e-05
2057,0.73765385
2058,0.99318933
2059,0.00066280365
2060,0.00010430813
2061,0.018502057
2062,0.07639271
2063,0.9999031
2064,0.99999726
2065,0.99984694
2066,0.021321058
2067,1.0
2068,0.021634966
2069,0.058592856
2070,0.07133579
2071,0.014461547
2072,0.19674867
2073,0.99957657
2074,1.4573336e-05
2075,0.024870753
2076,0.9999739
2077,0.00014454126
2078,0.030821681
2079,0.2239581
2080,0.0014001727
2081,0.99997354
2082,0.018524557
2083,0.9999249
2084,0.041496903
2085,0.00088980794
2086,0.99995595
2087,0.9991256
2088,0.99731874
2089,0.0005095005
2090,0.00013554096
2091,0.0040190816
2092,0.0003989637
2093,0.999894
2094,0.11026555
2095,0.999771
2096,0.00011840463
2097,1.257658e-05
2098,1.0
2099,3.8266182e-05
2100,0.9950863
2101,0.34386918
2102,0.040833056
2103,1.9997358e-05
2104,0.2602625
2105,1.0
2106,0.000274688
2107,0.08342728
2108,0.99996257
2109,0.0393306
2110,0.9588082
2111,0.7716303
2112,1.0
2113,1.0699034e-05
2114,0.13585022
2115,0.9999552
2116,0.00029471517
2117,0.00027790666
2118,0.6958871
2119,0.00011333823
2120,0.0010483861
2121,0.9999904
2122,5.7160854e-05
2123,0.99648917
2124,0.00027868152
2125,3.8594007e-05
2126,0.004811138
2127,0.0023863018
2128,0.00030875206
2129,0.99994266
2130,0.99998415
2131,0.0010859072
2132,0.99356824
2133,4.2825937e-05
2134,1.31726265e-05
2135,0.13339171
2136,0.0011401474
2137,0.0002590716
2138,0.99972236
2139,0.9997908
2140,0.99997365
2141,1.3887882e-05
2142,0.0003323555
2143,0.9999267
2144,0.009462535
2145,1.7791986e-05
2146,0.99999714
2147,0.02577883
2148,0.0008260906
2149,0.00015667081
2150,0.9993483
2151,0.0001553595
2152,1.0
2153,0.0014808178
2154,0.9999715
2155,1.3649464e-05
2156,4.786253e-05
2157,0.01736328
2158,2.2292137e-05
2159,0.0012476444
2160,0.00042274594
2161,0.26544833
2162,0.00025454164
2163,0.960132
2164,0.00022339821
2165,0.0006145239
2166,1.0
2167,0.061451763
2168,0.9993988
2169,9.62615e-06
2170,0.999962
2171,0.016768634
2172,0.66581446
2173,0.090836406
2174,0.022483885
2175,0.004281223
2176,0.0021747947
2177,0.015919834
2178,0.033658653
2179,0.004472047
2180,1.5199184e-05
2181,0.08673167
2182,0.0010770559
2183,0.0004644692
2184,0.0015781522
2185,0.9993994
2186,0.9999588
2187,0.00078207254
2188,0.0008316338
2189,0.0034961104
2190,0.015672058
2191,0.00035840273
2192,0.19162643
2193,3.784895e-05
2194,0.99993765
2195,0.0061201453
2196,0.9998991
2197,0.05079052
2198,0.001550138
2199,3.758073e-05
2200,0.75463396
2201,3.3557415e-05
2202,0.0009907186
2203,9.745359e-06
2204,0.99999404
2205,3.159046e-05
2206,0.00023165345
2207,0.9211319
2208,0.99998975
2209,1.3947487e-05
2210,2.2053719e-05
2211,0.007852107
2212,0.41328448
2213,0.0005582273
2214,2.2947788e-05
2215,8.907914e-05
2216,0.011063069
2217,0.0016643107
2218,1.1116266e-05
2219,0.9998354
2220,0.999771
2221,0.9997688
2222,0.0011686385
2223,0.00015962124
2224,0.00023156404
2225,1.0937452e-05
2226,5.8621168e-05
2227,0.9974188
2228,0.018336296
2229,1.0
2230,0.06217128
2231,0.0007497668
2232,1.3530254e-05
2233,0.98365974
2234,0.11200109
2235,0.007829726
2236,0.99986386
2237,0.3163112
2238,1.513958e-05
2239,0.00015303493
2240,1.6778708e-05
2241,0.00031083822
2242,0.03214234
2243,0.93728995
2244,0.99871737
2245,0.0009083152
2246,0.0016502738
2247,0.0006955564
2248,0.0031039119
2249,0.00043684244
2250,0.99947715
2251,0.00028565526
2252,0.9999387
2253,0.40314317
2254,0.9922348
2255,9.119511e-06
2256,0.99121904
2257,0.998024
2258,0.00036498904
2259,0.015911192
2260,0.99995005
2261,0.058004647
2262,0.99897945
2263,1.1742115e-05
2264,0.012286752
2265,0.79571533
2266,0.00014770031
2267,1.0937452e-05
2268,0.9999922
2269,0.00014525652
2270,1.0
2271,2.0325184e-05
2272,6.368756e-05
2273,0.0023517609
2274,0.07074198
2275,0.9960664
2276,0.9984894
2277,0.999978
2278,0.99903953
2279,0.0005324185
2280,0.99543434
2281,0.9993696
2282,1.0
2283,2.3841858e-05
2284,1.0
2285,3.8653612e-05
2286,0.99882454
2287,0.00092691183
2288,0.00020191073
2289,0.999998
2290,0.123316914
2291,0.34657472
2292,0.055199504
2293,0.00017508864
2294,0.00024735928
2295,0.07914752
2296,0.002221346
2297,0.0002168715
2298,0.00045791268
2299,0.999988
2300,1.9818544e-05
2301,0.020068467
2302,0.8663534
2303,0.0003709197
2304,0.9992384
2305,0.9815498
2306,1.3887882e-05
2307,0.9999764
2308,0.9983319
2309,0.22673646
2310,0.99934155
2311,0.0003722906
2312,0.07454345
2313,0.00018835068
2314,0.99871147
2315,0.00026279688
2316,0.032204628
2317,0.00089642406
2318,3.4570694e-05
2319,0.5298648
2320,0.00021013618
2321,0.010852039
2322,0.9997179
2323,0.999779
2324,0.00043779612
2325,0.00011739135
2326,0.9918676
2327,0.00016865134
2328,0.99995285
2329,0.0002693534
2330,0.99960107
2331,6.03199e-05
2332,1.4156103e-05
2333,0.9998246
2334,0.0053596795
2335,0.0003092289
2336,0.03204158
2337,0.108207256
2338,0.115320265
2339,0.3332259
2340,1.513958e-05
2341,0.046100855
2342,0.00036752224
2343,0.9994483
2344,4.4614077e-05
2345,1.0
2346,0.9999904
2347,0.06209317
2348,0.0005021095
2349,0.0002911389
2350,0.99999046
2351,0.9942312
2352,0.8292072
2353,2.348423e-05
2354,0.99982643
2355,0.0009510219
2356,0.99993217
2357,0.9999966
2358,1.0
2359,0.9987155
2360,0.00064381957
2361,1.0
2362,0.99989843
2363,2.464652e-05
2364,0.9999847
2365,0.9114651
2366,0.00013020635
2367,0.99486274
2368,0.99999726
2369,0.999996
2370,0.0049994886
2371,0.111286044
2372,0.00023183227
2373,1.2904406e-05
2374,5.146861e-05
2375,0.055779994
2376,0.35422045
2377,0.12291849
2378,0.0073874295
2379,0.14912128
2380,0.00018003583
2381,0.010640502
2382,1.0
2383,0.9999988
2384,0.9996919
2385,0.9999974
2386,0.0067224205
2387,0.0003950894
2388,0.013266623
2389,0.055281967
2390,0.0013058484
2391,0.99940395
2392,0.021373183
2393,0.0021348298
2394,0.021044493
2395,1.6897917e-05
2396,0.9999623
2397,0.00017553568
2398,0.0002066791
2399,0.0007433593
2400,0.9958014
2401,1.0669231e-05
2402,0.013206989
2403,0.0011099577
2404,0.9493201
2405,0.75266963
2406,0.31085005
2407,0.06592333
2408,1.1503696e-05
2409,0.0010146499
2410,0.9944234
2411,0.99997413
2412,0.999964
2413,0.9991025
2414,0.9999963
2415,0.00022131205
2416,1.0
2417,0.99965954
2418,0.0005929172
2419,0.13966349
2420,0.9999798
2421,0.96439767
2422,0.018856198
2423,0.0019719005
2424,0.45982233
2425,0.99997896
2426,0.046717316
2427,0.076877594
2428,0.00049877167
2429,0.99865294
2430,1.3709068e-05
2431,5.0753355e-05
2432,0.0044003427
2433,0.9979539
2434,0.04670474
2435,0.00024431944
2436,0.9999151
2437,0.00033202767
2438,8.85129e-06
2439,1.564622e-05
2440,0.045315713
2441,0.113402784
2442,0.08786416
2443,0.153252
2444,0.006401807
2445,0.1103054
2446,0.0042951703
2447,1.3053417e-05
2448,0.23820376
2449,2.2500753e-05
2450,0.0005094111
2451,0.99994755
2452,0.00016742945
2453,0.9999992
2454,0.9736611
2455,0.025991261
2456,0.0023819208
2457,0.99984014
2458,0.9999949
2459,0.00024858117
2460,1.49309635e-05
2461,0.11229691
2462,0.8365259
2463,0.99993837
2464,0.00014322996
2465,0.12348494
2466,0.013876826
2467,1.4394522e-05
2468,0.00047037005
2469,0.00031214952
2470,0.99973917
2471,0.05593458
2472,0.02328071
2473,0.0025782585
2474,0.00049597025
2475,0.99966085
2476,0.00019848347
2477,1.218915e-05
2478,0.74729407
2479,0.9997474
2480,0.14378336
2481,0.00016734004
2482,0.03412953
2483,0.0100719035
2484,0.03955379
2485,1.1533499e-05
2486,0.003010273
2487,0.030290663
2488,0.9998357
2489,0.99992967
2490,0.9834007
2491,0.0041303635
2492,0.98533857
2493,1.0
2494,0.9999775
2495,0.048594475
2496,2.3722649e-05
2497,0.01935342
2498,0.99989
2499,1.3113022e-05
2500,0.015413076
2501,3.7640333e-05
2502,0.9630078
2503,0.6328447
2504,0.0093411505
2505,0.9998789
2506,0.00022283196
2507,0.00014197826
2508,0.002417922
2509,0.00019004941
2510,0.00015598536
2511,0.9999985
2512,0.00029751658
2513,0.100976735
2514,0.2534598
2515,0.96869755
2516,0.0003720224
2517,0.0010358691
2518,0.0039939284
2519,0.6324182
2520,0.00061681867
2521,0.08033723
2522,0.9999802
2523,2.7388334e-05
2524,0.9999988
2525,0.9991275
2526,0.06961772
2527,0.040552765
2528,0.0003684163
2529,0.0004208684
2530,0.00092855096
2531,1.0
2532,0.0006926954
2533,0.013112783
2534,0.017321676
2535,0.13862795
2536,0.028845519
2537,0.99999857
2538,2.503395e-05
2539,0.0034231842
2540,0.00019964576
2541,0.030631214
2542,0.99993277
2543,0.011351496
2544,0.017861962
2545,0.0005656183
2546,0.00046160817
2547,0.0034148693
2548,0.0004117489
2549,0.00024563074
2550,1.0
2551,0.1164749
2552,0.13028172
2553,0.99997073
2554,0.015651107
2555,0.05680594
2556,0.02693078
2557,1.2010336e-05
2558,0.015634924
2559,0.99917424
2560,0.033011347
2561,0.00037151575
2562,0.4698771
2563,0.0495767
2564,0.94567275
2565,0.014188349
2566,2.1666288e-05
2567,0.011454433
2568,6.198883e-06
2569,1.4901161e-05
2570,0.00042885542
2571,0.999999
2572,0.06955737
2573,0.9998692
2574,0.00021594763
2575,0.99885833
2576,0.00047525764
2577,0.05148661
2578,0.04973179
2579,0.0006581545
2580,1.7464161e-05
2581,0.9992584
2582,0.00016742945
2583,0.99983263
2584,0.0021271408
2585,1.2069941e-05
2586,0.00022682548
2587,0.00017690659
2588,0.015050441
2589,0.0215742
2590,0.6920911
2591,0.058012217
2592,0.99841046
2593,1.3768673e-05
2594,0.2182076
2595,0.99998176
2596,2.2232533e-05
2597,0.09163186
2598,0.28555986
2599,0.092139065
2600,0.99999857
2601,2.1785498e-05
2602,0.0128751695
2603,0.11270881
2604,0.9999434
2605,0.00038200617
2606,0.91972923
2607,1.0
2608,0.009839565
2609,0.0763188
2610,0.010006607
2611,1.7613173e-05
2612,0.032855034
2613,0.0017632246
2614,0.000154078
2615,0.9999248
2616,0.44385332
2617,0.99999654
2618,0.99555624
2619,9.596348e-06
2620,2.5242567e-05
2621,0.022663832
2622,9.804964e-06
2623,1.7374754e-05
2624,0.99449795
2625,0.994695
2626,0.031359226
2627,0.9999305
2628,0.029403925
2629,0.059739828
2630,0.32017463
2631,0.9999548
2632,0.989878
2633,0.027717829
2634,0.99995804
2635,0.9961724
2636,3.6597252e-05
2637,0.016443282
2638,0.7911006
2639,0.00027874112
2640,0.17597541
2641,0.45092118
2642,0.0058235824
2643,0.0032933354
2644,0.0067469478
2645,1.9103289e-05
2646,0.00038456917
2647,0.9996971
2648,0.000117748976
2649,0.045043945
2650,0.9992815
2651,1.0
2652,0.9999604
2653,0.999977
2654,0.99912405
2655,0.0014889836
2656,0.00018489361
2657,0.08092204
2658,0.9949275
2659,0.022780985
2660,0.00025960803
2661,0.00024244189
2662,0.99817884
2663,0.0006350279
2664,0.09943408
2665,0.00020161271
2666,0.99999523
2667,0.002929598
2668,0.998978
2669,2.1725893e-05
2670,0.007997811
2671,0.99999785
2672,0.000312984
2673,0.99953794
2674,0.0003401935
2675,0.14394453
2676,4.374981e-05
2677,0.058204204
2678,4.938245e-05
2679,0.9534075
2680,0.0029018223
2681,0.24587423
2682,0.99404335
2683,0.9887837
2684,0.03807786
2685,0.99999326
2686,1.0
2687,0.0012025237
2688,4.810095e-05
2689,0.9960269
2690,0.0030092597
2691,0.9999969
2692,7.82609e-05
2693,0.05949509
2694,1.4811754e-05
2695,0.11811823
2696,0.090263635
2697,1.9907951e-05
2698,0.015767276
2699,0.001068294
2700,1.0579824e-05
2701,0.9999927
2702,0.0018768907
2703,1.9699335e-05
2704,0.03643188
2705,0.061251134
2706,0.027852416
2707,3.159046e-05
2708,0.015795529
2709,1.513958e-05
2710,0.0007160902
2711,0.99975574
2712,1.0
2713,0.00015062094
2714,2.1219254e-05
2715,0.99999344
2716,2.7418137e-05
2717,0.00036209822
2718,0.99317294
2719,0.0018838346
2720,1.0699034e-05
2721,1.0
2722,0.17827168
2723,0.021054685
2724,0.09434798
2725,1.2487173e-05
2726,1.463294e-05
2727,0.7369127
2728,0.999998
2729,4.3183565e-05
2730,0.0005313158
2731,0.042690158
2732,0.0022861362
2733,0.04175046
2734,1.296401e-05
2735,1.0
2736,0.020399839
2737,0.99946773
2738,0.00013771653
2739,2.1100044e-05
2740,0.0001963973
2741,0.993505
2742,3.027916e-05
2743,0.9999795
2744,0.99924433
2745,0.9999739
2746,1.5854836e-05
2747,0.9999211
2748,0.0012900233
2749,1.0
2750,0.99838006
2751,0.99031305
2752,0.0017158389
2753,0.9999347
2754,0.99946725
2755,0.011944503
2756,1.6897917e-05
2757,0.00013309717
2758,0.0019772947
2759,0.0005902946
2760,0.28482932
2761,0.05595377
2762,0.001017034
2763,1.0
2764,0.1901662
2765,0.9977269
2766,0.025892437
2767,0.079134285
2768,2.3692846e-05
2769,0.0001617372
2770,0.18139589
2771,0.00033855438
2772,0.99999154
2773,1.0
2774,0.40587106
2775,0.000525862
2776,0.19657415
2777,0.9998772
2778,0.046100765
2779,0.99875945
2780,7.286668e-05
2781,7.5399876e-06
2782,1.0
2783,1.0
2784,0.07122028
2785,0.03799352
2786,0.9999976
2787,0.99908113
2788,0.99836814
2789,1.0
2790,0.0021036267
2791,0.998451
2792,1.4454126e-05
2793,1.0639429e-05
2794,1.9967556e-05
2795,0.012993842
2796,0.0002682209
2797,0.00137496
2798,0.000798136
2799,0.99945664
2800,0.0024481118
2801,1.0
2802,0.78442323
2803,0.99661434
2804,0.009841919
2805,0.7563449
2806,0.99998754
2807,0.99845266
2808,0.9998212
2809,0.9996543
2810,0.9998971
2811,0.0004966557
2812,0.9999068
2813,2.5361776e-05
2814,0.19548863
2815,0.9913298
2816,0.99999714
2817,0.040001273
2818,0.291322
2819,0.9838091
2820,0.0004850626
2821,0.00021785498
2822,0.04935959
2823,1.0877848e-05
2824,0.15188554
2825,0.00033295155
2826,0.00043907762
2827,4.6938658e-05
2828,0.9999856
2829,0.78250784
2830,0.74798256
2831,3.4362078e-05
2832,0.9406935
2833,0.009302348
2834,0.020815194
2835,0.03555131
2836,1.0
2837,0.00045597553
2838,1.4454126e-05
2839,0.9996941
2840,1.1533499e-05
2841,0.0019709468
2842,0.9999171
2843,0.9999782
2844,0.013641238
2845,0.0005682707
2846,0.0002452135
2847,0.99999523
2848,0.0005582869
2849,0.9995855
2850,0.99996996
2851,0.0012193918
2852,0.08816281
2853,0.013907552
2854,0.001822263
2855,0.009227097
2856,1.0
2857,0.013851106
2858,0.98304343
2859,0.999997
2860,0.00024560094
2861,0.5583723
2862,0.0669356
2863,0.9999947
2864,0.00018671155
2865,0.024326742
2866,0.00030967593
2867,0.00018015504
2868,0.99249923
2869,0.1868597
2870,0.00021743774
2871,0.12189558
2872,1.0
2873,1.0
2874,0.99975574
2875,0.009539843
2876,0.00014930964
2877,0.014946729
2878,0.99999726
2879,0.99999774
2880,0.00012505054
2881,0.061539114
2882,0.044066936
2883,0.06559768
2884,0.9999974
2885,0.998981
2886,0.00044086576
2887,0.14022136
2888,0.99831057
2889,2.3782253e-05
2890,0.00027412176
2891,0.01682955
2892,0.124477655
2893,0.9965252
2894,0.00023022294
2895,0.99999714
2896,0.002110511
2897,6.920099e-05
2898,0.985287
2899,0.14913341
2900,0.9999788
2901,6.780028e-05
2902,0.12543988
2903,0.9988762
2904,0.005337715
2905,0.038175672
2906,0.00014552474
2907,0.9999962
2908,0.9998097
2909,0.9999624
2910,0.9999692
2911,1.9282103e-05
2912,1.0162592e-05
2913,0.008024514
2914,0.99963367
2915,0.00020265579
2916,0.99997693
2917,0.9996439
2918,0.019205153
2919,0.99999666
2920,0.9996197
2921,1.0
2922,0.999892
2923,0.9999977
2924,0.00032830238
2925,1.0
2926,0.00017306209
2927,7.557869e-05
2928,0.9999737
2929,0.09842655
2930,0.9998209
2931,0.034331083
2932,3.0338764e-05
2933,0.006483078
2934,0.04701048
2935,1.6897917e-05
2936,1.0
2937,0.9999987
2938,0.50821394
2939,0.9662671
2940,0.08996305
2941,0.99999475
2942,0.1268301
2943,0.062935054
2944,0.0005287826
2945,1.8537045e-05
2946,0.00052803755
2947,0.9996047
2948,0.04832545
2949,0.00016361475
2950,1.4662743e-05
2951,0.9998428
2952,0.00028556585
2953,0.99996185
2954,0.98654854
2955,1.013279e-05
2956,0.032400906
2957,0.14600453
2958,0.99994254
2959,0.999996
2960,0.0016633868
2961,0.9999584
2962,0.0003246069
2963,0.00028172135
2964,0.0005196929
2965,4.720688e-05
2966,4.3720007e-05
2967,0.00089398026
2968,0.015000284
2969,0.1306518
2970,1.4215708e-05
2971,0.0018773079
2972,1.0
2973,0.00041353703
2974,0.040608585
2975,0.98123264
2976,0.000685066
2977,0.00026589632
2978,0.9764918
2979,1.50203705e-05
2980,0.015435338
2981,0.9999894
2982,0.8404352
2983,0.042951345
2984,0.0022772849
2985,0.00020846725
2986,0.067003846
2987,0.014740348
2988,0.00011122227
2989,0.034779727
2990,0.00013262033
2991,2.7298927e-05
2992,0.9997358
2993,1.1563301e-05
2994,0.9999999
2995,0.00044471025
2996,1.0
2997,0.14316785
2998,0.0013913214
2999,0.016154319
3000,0.00059875846
3001,1.4692545e-05
3002,0.023663014
3003,0.007547945
3004,0.01982379
3005,0.0073183775
3006,0.9370456
3007,0.033825368
3008,0.99999535
3009,0.9999517
3010,0.001847446
3011,0.01309669
3012,0.037681103
3013,0.9997078
3014,3.59416e-05
3015,2.1785498e-05
3016,0.0013639331
3017,0.0031031668
3018,0.9991411
3019,1.8924475e-05
3020,0.31474167
3021,0.9997567
3022,0.00039583445
3023,0.0006712973
3024,0.36309186
3025,0.0004223585
3026,0.9694061
3027,0.0004722178
3028,0.03237641
3029,0.9992438
3030,0.99996114
3031,0.9958037
3032,0.9990748
3033,0.07406387
3034,5.4895878e-05
3035,0.9995655
3036,0.998711
3037,0.9999816
3038,0.9999672
3039,0.00020581484
3040,0.11066812
3041,1.0371208e-05
3042,0.9997305
3043,0.9999982
3044,0.00026527047
3045,1.79708e-05
3046,0.9997021
3047,0.23910919
3048,0.00027006865
3049,0.9999984
3050,0.005091667
3051,0.014347225
3052,0.00041127205
3053,0.00020638108
3054,2.3543835e-05
3055,0.43656194
3056,0.0002156496
3057,0.67166877
3058,0.09504092
3059,0.58496416
3060,0.9999756
3061,0.13171539
3062,0.99987143
3063,0.12772456
3064,0.9978919
3065,0.9999968
3066,0.0006837249
3067,1.0
3068,0.0058199465
3069,0.010911465
3070,0.034558
3071,0.99999475
3072,0.000693202
3073,0.0013684332
3074,0.017929733
3075,2.503395e-05
3076,0.99760234
3077,0.03352073
3078,2.4586916e-05
3079,0.019962937
3080,0.031009674
3081,0.99969006
3082,0.0006606281
3083,0.0047492087
3084,0.99996454
3085,0.004140109
3086,0.9999713
3087,0.0004210174
3088,0.9541595
3089,0.046508133
3090,1.0
3091,0.04055673
3092,0.015746832
3093,0.98882985
3094,1.0
3095,0.99957144
3096,0.9496244
3097,0.0003606379
3098,0.99925065
3099,0.9998978
3100,0.0004530847
3101,0.00018635392
3102,0.02125138
3103,1.0
3104,0.01630348
3105,0.99178886
3106,0.010651022
3107,0.9993168
3108,0.124049336
3109,0.34136993
3110,0.9999942
3111,1.0
3112,0.00019556284
3113,0.9999701
3114,0.028126776
3115,0.00029969215
3116,0.00037926435
3117,0.02714464
3118,0.09394863
3119,0.027238786
3120,0.028186679
3121,0.00020840764
3122,0.031461388
3123,0.0032941103
3124,0.0015515089
3125,0.20369378
3126,0.6369324
3127,0.9991866
3128,1.8000603e-05
3129,0.016874492
3130,0.06547436
3131,0.00015759468
3132,0.9996616
3133,6.4373016e-05
3134,0.14835817
3135,0.99999285
3136,0.0008542836
3137,0.50751907
3138,0.99999803
3139,0.0007919669
3140,0.03465247
3141,0.0015929937
3142,0.9953613
3143,0.999992
3144,0.00087451935
3145,0.0756008
3146,1.0
3147,0.99674976
3148,0.8909417
3149,0.00036215782
3150,0.0002886355
3151,0.009897739
3152,0.99998224
3153,0.18449494
3154,0.99400735
3155,0.019267201
3156,1.4513731e-05
3157,0.015488565
3158,0.99892795
3159,0.8936564
3160,2.1725893e-05
3161,0.9590615
3162,7.328391e-05
3163,0.85782295
3164,1.0
3165,0.0009152889
3166,0.98491144
3167,1.9013882e-05
3168,0.020012945
3169,0.062324136
3170,0.9999065
3171,2.3007393e-05
3172,0.9999987
3173,0.97055435
3174,0.9999951
3175,1.1533499e-05
3176,0.012113512
3177,0.99999857
3178,0.0011181235
3179,2.4557114e-05
3180,0.998752
3181,0.99994695
3182,0.0006609261
3183,0.99994755
3184,1.7166138e-05
3185,0.9998859
3186,0.013008535
3187,0.00038942695
3188,0.99999225
3189,0.9999075
3190,0.24338791
3191,0.0014804006
3192,0.0032435656
3193,2.759695e-05
3194,0.048001885
3195,2.5629997e-05
3196,0.12271556
3197,0.9999926
3198,0.99984324
3199,0.9998803
3200,0.44725436
3201,0.9972756
3202,0.97139144
3203,0.46755028
3204,0.000441283
3205,0.9849434
3206,0.999959
3207,0.907694
3208,0.99998766
3209,8.016825e-06
3210,0.99945503
3211,0.0008943379
3212,0.0024155378
3213,0.0099232495
3214,0.0028314292
3215,0.9997044
3216,0.9997525
3217,0.99839973
3218,0.06430027
3219,1.3589859e-05
3220,0.013972104
3221,0.9999641
3222,0.0011509657
3223,0.97970474
3224,0.0009715557
3225,0.0010280907
3226,0.0016305745
3227,1.8119812e-05
3228,0.0006209016
3229,1.3530254e-05
3230,0.007700801
3231,0.00057181716
3232,0.0018466413
3233,0.0006263256
3234,0.07895738
3235,0.0041674376
3236,0.029008836
3237,0.0078960955
3238,0.00039097667
3239,0.999997
3240,0.5265792
3241,0.88786787
3242,0.89058334
3243,1.0
3244,0.00058841705
3245,0.028911948
3246,0.003873229
3247,0.016387045
3248,0.25530607
3249,0.00037005544
3250,2.631545e-05
3251,0.00042265654
3252,0.020516455
3253,1.0
3254,0.010847658
3255,0.00047177076
3256,0.020765007
3257,0.23925081
3258,0.999881
3259,0.99626094
3260,0.5223586
3261,0.11182651
3262,1.0
3263,0.9996729
3264,0.108933926
3265,0.99550664
3266,0.9999958
3267,0.9997417
3268,0.005195737
3269,0.0005736351
3270,0.13858727
3271,0.98310995
3272,0.15637067
3273,0.03359732
3274,0.99568665
3275,1.1831522e-05
3276,0.0043931603
3277,0.016023725
3278,0.0020183623
3279,0.40945792
3280,0.000805676
3281,0.42212087
3282,0.095366895
3283,2.5391579e-05
3284,0.04606256
3285,1.0
3286,0.043652475
3287,0.14839655
3288,8.106232e-06
3289,4.8696995e-05
3290,0.9972096
3291,0.9999885
3292,1.5676022e-05
3293,0.003656447
3294,0.00019404292
3295,0.0012946427
3296,1.2040138e-05
3297,0.7912911
3298,1.707673e-05
3299,0.015812874
3300,0.0001489222
3301,1.0
3302,0.99611044
3303,0.00049340725
3304,0.96236277
3305,0.02596572
3306,0.9973419
3307,0.97552323
3308,1.0
3309,0.0008008778
3310,0.00010496378
3311,0.00024297833
3312,9.983778e-06
3313,0.03360051
3314,1.4126301e-05
3315,8.4131956e-05
3316,0.00015413761
3317,0.0023099482
3318,0.20727175
3319,0.9965345
3320,0.0032561123
3321,0.00038006902
3322,0.02397412
3323,0.99998057
3324,0.00048303604
3325,0.99984115
3326,0.9999824
3327,0.998474
3328,0.021992564
3329,0.9999299
3330,0.0009197295
3331,0.41616887
3332,0.03141275
3333,0.014050305
3334,0.0016286969
3335,0.99988294
3336,0.9998677
3337,0.9993
3338,0.00028583407
3339,3.6358833e-05
3340,0.99977696
3341,0.29620656
3342,0.9997196
3343,0.08403319
3344,0.24905306
3345,0.9999596
3346,0.0024996102
3347,0.99951565
3348,0.9471595
3349,0.99810445
3350,0.045301825
3351,0.0057418346
3352,1.1354685e-05
3353,0.99983156
3354,0.9994997
3355,0.035682917
3356,0.22371551
3357,0.024520248
3358,0.9662782
3359,0.00033017993
3360,0.00010022521
3361,1.9848347e-05
3362,0.014560819
3363,0.9999943
3364,1.31726265e-05
3365,0.007850528
3366,1.0
3367,0.00028064847
3368,1.0
3369,0.99890935
3370,0.9999985
3371,0.0001463294
3372,2.8908253e-05
3373,0.017224371
3374,0.00020244718
3375,0.070783705
3376,1.5616417e-05
3377,1.7493963e-05
3378,0.0011944771
3379,0.9999434
3380,0.9996599
3381,0.020502836
3382,0.0004504919
3383,0.0008111298
3384,0.34376645
3385,1.0
3386,0.0017116666
3387,0.9978307
3388,0.010622561
3389,0.9999974
3390,0.086815596
3391,0.9628705
3392,0.9999887
3393,3.3169985e-05
3394,1.770258e-05
3395,0.89908266
3396,0.99991345
3397,1.1265278e-05
3398,4.1544437e-05
3399,0.027032137
3400,0.99484557
3401,0.99625206
3402,0.94215447
3403,0.9989494
3404,0.11484948
3405,0.0026938915
3406,0.22480702
3407,0.9999991
3408,0.9999988
3409,0.00014856458
3410,0.99995255
3411,0.00015518069
3412,0.00022995472
3413,0.99442494
3414,0.9999686
3415,0.024736464
3416,0.000117868185
3417,0.016348302
3418,0.0003464222
3419,0.05838996
3420,0.00046133995
3421,0.9989295
3422,0.106352955
3423,0.9999865
3424,0.0036221743
3425,0.43865725
3426,1.0
3427,0.0026205182
3428,0.00017863512
3429,1.2367964e-05
3430,0.0001502335
3431,2.3186207e-05
3432,0.00076293945
3433,0.99996877
3434,2.3722649e-05
3435,0.0002837181
3436,4.2766333e-05
3437,0.069464445
3438,0.07848951
3439,0.9999546
3440,0.01100859
3441,0.9998536
3442,1.0
3443,0.43737978
3444,0.00046926737
3445,0.9999913
3446,0.16045105
3447,0.00040996075
3448,0.030163705
3449,2.5212765e-05
3450,0.99959946
3451,0.00038212538
3452,0.0003734827
3453,0.003165543
3454,0.04869649
3455,0.9972943
3456,0.9978677
3457,0.07757655
3458,0.004818827
3459,0.9999597
3460,0.37175727
3461,1.0
3462,0.04172325
3463,0.99952793
3464,0.00015348196
3465,0.008205414
3466,0.088222
3467,0.34425622
3468,0.00026732683
3469,0.06289491
3470,0.0016144812
3471,0.0037613213
3472,0.9987605
3473,0.009310663
3474,3.0040741e-05
3475,0.076285005
3476,0.025424063
3477,4.801154e-05
3478,0.6777714
3479,0.9996308
3480,0.99979615
3481,2.989173e-05
3482,0.03049615
3483,1.0
3484,0.99997735
3485,0.0003373921
3486,0.00032815337
3487,0.98922265
3488,0.08005661
3489,0.028511345
3490,0.00058335066
3491,0.9992591
3492,0.018822163
3493,0.00028920174
3494,9.089708e-06
3495,0.05925581
3496,0.0017748773
3497,0.999995
3498,0.0001911521
3499,0.00013923645
3500,0.0001643002
3501,1.0
3502,0.045902073
3503,0.00028949976
3504,0.9112847
3505,0.9988401
3506,0.10428181
3507,0.026074529
3508,1.1563301e-05
3509,0.9867548
3510,0.013872534
3511,0.012101799
3512,7.5399876e-06
3513,0.00048789382
3514,1.30832195e-05
3515,0.00011172891
3516,0.2938045
3517,0.9993584
3518,1.0
3519,0.0003105104
3520,6.2942505e-05
3521,0.99999905
3522,1.7851591e-05
3523,3.540516e-05
3524,1.0
3525,0.026952833
3526,0.999966
3527,1.2457371e-05
3528,0.9999289
3529,0.029982984
3530,0.99991846
3531,0.004173726
3532,0.025590569
3533,0.0031342506
3534,5.9217215e-05
3535,0.046201855
3536,0.00712502
3537,0.040248334
3538,2.1606684e-05
3539,0.9999944
3540,4.196167e-05
3541,0.0004068613
3542,8.136034e-06
3543,8.940697e-06
3544,0.9863674
3545,0.1275706
3546,1.12354755e-05
3547,0.8715594
3548,0.99999213
3549,0.014014035
3550,0.0016780794
3551,0.00028133392
3552,0.9999585
3553,0.9997736
3554,2.2739172e-05
3555,0.04310271
3556,1.9043684e-05
3557,0.8644933
3558,0.99993247
3559,1.5556812e-05
3560,0.9982237
3561,0.08575201
3562,0.03118369
3563,0.0003861785
3564,0.93154067
3565,0.00010460615
3566,0.0023658574
3567,1.0
3568,0.0002476275
3569,2.5600195e-05
3570,0.00043195486
3571,0.99999726
3572,0.05690396
3573,0.00033330917
3574,1.0
3575,0.95050347
3576,0.9992643
3577,0.0015115738
3578,0.0007660687
3579,0.99997294
3580,0.9997703
3581,0.008563995
3582,0.0031404793
3583,0.18617159
3584,6.6399574e-05
3585,0.007570654
3586,0.99997675
3587,0.04814115
3588,0.01770547
3589,0.99699605
3590,0.9874238
3591,1.3530254e-05
3592,0.8609023
3593,0.7342207
3594,0.9998239
3595,0.9999015
3596,0.0630002
3597,0.99999857
3598,0.9940896
3599,0.00022521615
3600,0.07365161
3601,0.18182853
3602,0.00026461482
3603,1.1265278e-05
3604,0.9988465
3605,0.5991643
3606,0.9999969
3607,0.99848366
3608,0.99999624
3609,0.9999969
3610,0.9906367
3611,1.847744e-05
3612,2.1904707e-05
3613,0.9999243
3614,1.0
3615,0.06805211
3616,0.99853075
3617,0.9364335
3618,1.0
3619,0.1742562
3620,1.001358e-05
3621,0.018782705
3622,0.04863465
3623,3.552437e-05
3624,0.056001723
3625,0.9999992
3626,1.0579824e-05
3627,0.00044858456
3628,0.016545862
3629,0.9999743
3630,0.06488255
3631,0.0006425977
3632,0.010047823
3633,0.13172576
3634,0.001039058
3635,0.008629352
3636,0.0023210645
3637,0.9999936
3638,0.022402316
3639,0.99998355
3640,0.03651938
3641,0.0036648214
3642,0.038418084
3643,0.5852804
3644,1.463294e-05
3645,0.00022777915
3646,0.9998489
3647,0.9979996
3648,0.005844444
3649,1.40964985e-05
3650,1.180172e-05
3651,0.99676955
3652,0.01366359
3653,0.013628185
3654,0.0003505051
3655,1.8030405e-05
3656,0.0005580485
3657,0.9998993
3658,0.56835294
3659,0.44776532
3660,6.258488e-05
3661,0.080059856
3662,1.3560057e-05
3663,0.99991345
3664,0.99999785
3665,0.0048500597
3666,0.97625995
3667,0.0006158352
3668,0.0038017929
3669,0.91622484
3670,0.00024542212
3671,0.33079797
3672,0.9990848
3673,0.11058596
3674,0.00036612153
3675,0.20037302
3676,0.9997932
3677,0.066104114
3678,2.1755695e-05
3679,0.9998932
3680,0.9999578
3681,0.99994624
3682,0.0010276735
3683,0.0009429455
3684,0.00022953749
3685,0.99994576
3686,0.9976523
3687,0.0016321242
3688,0.99994856
3689,0.026412308
3690,0.9810556
3691,0.9999646
3692,0.9999502
3693,0.999915
3694,0.0048772395
3695,1.14142895e-05
3696,0.9904616
3697,0.015567243
3698,0.003491968
3699,8.6426735e-06
3700,0.6678027
3701,0.99997795
3702,0.99997234
3703,0.99991804
3704,0.5254819
3705,1.0
3706,0.99999654
3707,0.088752
3708,0.93333554
3709,0.9967732
3710,0.0028877258
3711,0.99993134
3712,0.03130141
3713,0.11714524
3714,1.0
3715,0.00027126074
3716,1.180172e-05
3717,0.9461551
3718,1.9669533e-05
3719,0.047630966
3720,0.5464965
3721,0.19135293
3722,4.4971704e-05
3723,0.9977617
3724,0.10212323
3725,2.8043985e-05
3726,0.047500104
3727,0.0015481114
3728,0.018356293
3729,0.011753678
3730,0.99965394
3731,0.0010031462
3732,1.9818544e-05
3733,1.6063452e-05
3734,0.99996245
3735,0.0002785325
3736,0.99999565
3737,3.758073e-05
3738,0.083660334
3739,1.0
3740,0.99720216
3741,1.7642975e-05
3742,0.00018748641
3743,0.9998681
3744,0.01733452
3745,0.99840784
3746,0.00027507544
3747,9.417534e-06
3748,0.9999749
3749,1.0
3750,0.018287808
3751,0.00023394823
3752,1.0
3753,0.28192925
3754,1.0
3755,0.99974227
3756,0.048924536
3757,0.05422002
3758,0.99994504
3759,0.009697676
3760,0.54708445
3761,0.9995049
3762,0.017322153
3763,0.99931264
3764,0.00026026368
3765,0.9999634
3766,0.016719222
3767,0.21730077
3768,0.06727156
3769,1.1533499e-05
3770,0.061886042
3771,8.583069e-06
3772,0.0006159842
3773,0.021929055
3774,1.0
3775,0.25832027
3776,0.016367555
3777,0.96431553
3778,5.0008297e-05
3779,0.00026276708
3780,0.0010950267
3781,2.2619963e-05
3782,0.11619499
3783,0.9999007
3784,0.00014126301
3785,0.9981893
3786,0.9998003
3787,0.99869895
3788,0.021109879
3789,1.4960766e-05
3790,0.9999717
3791,0.00017875433
3792,0.9999317
3793,0.9991776
3794,2.2679567e-05
3795,0.08327997
3796,0.004342824
3797,0.9990778
3798,0.6342379
3799,0.9669934
3800,0.00022926927
3801,0.007495761
3802,0.9999715
3803,0.17279202
3804,0.9997785
3805,0.08571085
3806,5.5372715e-05
3807,4.1007996e-05
3808,3.105402e-05
3809,0.00046747923
3810,0.0045177042
3811,0.00027570128
3812,0.99997306
3813,0.9892349
3814,0.014423847
3815,0.9999945
3816,0.0073818862
3817,0.0005373657
3818,0.9999716
3819,0.011687249
3820,0.00013697147
3821,0.9999727
3822,0.9999167
3823,0.9999988
3824,0.7289291
3825,0.00069233775
3826,0.00048679113
3827,0.99969727
3828,0.9998604
3829,0.10642299
3830,0.99995667
3831,0.016564995
3832,0.8175435
3833,0.99992865
3834,0.004889041
3835,0.9511168
3836,0.0002015531
3837,0.00018721819
3838,0.0027956963
3839,0.015958905
3840,0.017213285
3841,0.9998268
3842,0.9996805
3843,0.99846995
3844,0.0010623634
3845,0.8590026
3846,1.385808e-05
3847,1.1861324e-05
3848,2.7865171e-05
3849,0.11890927
3850,0.53646314
3851,1.5586615e-05
3852,0.99961853
3853,0.08424753
3854,0.9999733
3855,0.00021830201
3856,0.00074768066
3857,0.11012182
3858,0.12572715
3859,0.00698179
3860,0.023864478
3861,1.0
3862,0.9999851
3863,1.180172e-05
3864,1.731515e-05
3865,0.9998772
3866,0.23706943
3867,0.0024904609
3868,0.9999885
3869,1.1175871e-05
3870,0.03328359
3871,0.10827604
3872,0.00039100647
3873,1.1861324e-05
3874,0.14922673
3875,0.99978805
3876,0.00062927604
3877,0.9999639
3878,0.03838876
3879,1.5228987e-05
3880,0.012100458
3881,0.9939499
3882,0.05352941
3883,0.06878963
3884,1.9818544e-05
3885,8.8214874e-05
3886,0.24433655
3887,0.9999902
3888,0.20531109
3889,0.10542482
3890,0.00014385581
3891,0.015563458
3892,0.9999256
3893,0.00014644861
3894,1.0
3895,0.00027805567
3896,0.6284783
3897,0.1685091
3898,0.23688865
3899,0.0828833
3900,0.99999774
3901,0.06916046
3902,0.015474588
3903,0.13726291
3904,0.9999432
3905,0.9999502
3906,0.0013314784
3907,1.0
3908,0.9999781
3909,0.9988489
3910,0.0421032
3911,0.99923784
3912,3.8921833e-05
3913,0.0002129972
3914,0.9999747
3915,0.00039371848
3916,0.35723966
3917,0.025115818
3918,0.7784198
3919,0.088753074
3920,0.0026151836
3921,0.00048202276
3922,0.024042457
3923,0.999683
3924,0.00027373433
3925,1.0
3926,0.26367903
3927,0.07881495
3928,0.00044173002
3929,3.6805868e-05
3930,1.0
3931,0.024506599
3932,0.14336255
3933,1.0
3934,0.99997586
3935,0.9989971
3936,0.0071699023
3937,1.0
3938,0.9432471
3939,1.0
3940,1.0
3941,0.035116285
3942,7.742643e-05
3943,0.37157217
3944,0.00036934018
3945,0.107581735
3946,0.007115692
3947,0.0001423955
3948,1.2725592e-05
3949,2.4735928e-05
3950,0.002087593
3951,0.0008562803
3952,0.003689617
3953,0.91897094
3954,0.00017014146
3955,0.9995649
3956,0.99984765
3957,0.06068608
3958,0.9933852
3959,1.1116266e-05
3960,0.046361715
3961,0.99969745
3962,0.9947774
3963,0.0002913773
3964,0.036412895
3965,0.00045648217
3966,0.002309531
3967,0.12618414
3968,0.99992514
3969,0.9981342
3970,1.6659498e-05
3971,0.028882205
3972,0.84708256
3973,6.3955784e-05
3974,2.515316e-05
3975,0.00069251657
3976,0.010576516
3977,1.7911196e-05
3978,1.7434359e-05
3979,0.25590956
3980,1.21593475e-05
3981,0.008286655
3982,0.013081163
3983,0.99999577
3984,0.045372576
3985,4.324317e-05
3986,1.6331673e-05
3987,0.8906568
3988,0.9978795
3989,0.011319101
3990,0.01510489
3991,0.28116894
3992,0.096695244
3993,0.9999926
3994,0.00020986795
3995,0.9986117
3996,0.01485613
3997,0.0007081032
3998,0.0050709546
3999,2.6255846e-05
4000,0.04271716
4001,0.9999536
4002,0.031123519
4003,0.9976158
4004,0.0060947537
4005,5.3286552e-05
4006,0.00034824014
4007,0.09088573
4008,0.0037181675
4009,0.05236891
4010,0.0009701252
4011,0.9798866
4012,0.00015679002
4013,0.000313282
4014,0.99999714
4015,0.03951162
4016,0.00014659762
4017,0.9999955
4018,0.0007864535
4019,0.99995667
4020,0.011276722
4021,0.00021398067
4022,0.09195888
4023,0.99993014
4024,0.00010585785
4025,0.99999785
4026,0.019052356
4027,0.026600152
4028,0.9999955
4029,1.0
4030,0.00022730231
4031,0.99992937
4032,0.9999664
4033,1.3500452e-05
4034,1.0
4035,0.00056147575
4036,0.9999294
4037,0.00043097138
4038,0.99900234
4039,0.99999505
4040,0.0019287467
4041,0.9967245
4042,0.00013247132
4043,0.9938627
4044,0.0002143681
4045,9.387732e-06
4046,0.000109285116
4047,1.424551e-05
4048,0.00043180585
4049,1.30832195e-05
4050,0.99882984
4051,0.99988914
4052,0.9999964
4053,0.047344297
4054,0.032673538
4055,0.004657984
4056,0.99662286
4057,0.00019237399
4058,0.0002655685
4059,3.6358833e-05
4060,0.02293086
4061,0.9998529
4062,0.00059467554
4063,0.9996227
4064,0.9999778
4065,0.0136470795
4066,1.9520521e-05
4067,0.99686176
4068,1.257658e-05
4069,0.0255844
4070,0.00021255016
4071,0.002356559
4072,0.04876715
4073,0.0004144013
4074,1.8924475e-05
4075,0.010640085
4076,9.569526e-05
4077,0.0022167265
4078,1.4811754e-05
4079,0.0014693141
4080,0.9999385
4081,0.05441764
4082,0.0002720654
4083,0.00532794
4084,1.0
4085,0.9998345
4086,0.00019562244
4087,0.008741945
4088,0.054588288
4089,0.00020834804
4090,0.0012422204
4091,0.9999925
4092,0.99571013
4093,0.018691987
4094,0.99999666
4095,0.62638557
4096,0.999877
4097,0.0005809963
4098,0.015772223
4099,0.2654647
4100,0.0003158152
4101,0.9987902
4102,2.2560358e-05
4103,0.00028955936
4104,0.98567706
4105,2.9802322e-05
4106,0.026191562
4107,0.7527236
4108,0.9879828
4109,1.0
4110,0.99984765
4111,4.0978193e-05
4112,0.00055494905
4113,0.0001398921
4114,1.3053417e-05
4115,0.00014391541
4116,4.8041344e-05
4117,0.9999876
4118,1.0
4119,1.0
4120,0.46421432
4121,0.656062
4122,0.99994934
4123,0.00043872
4124,0.9999964
4125,0.50811905
4126,0.10037184
4127,2.8371811e-05
4128,0.9999218
4129,0.0018926263
4130,0.021563292
4131,0.0010207295
4132,1.7881393e-05
4133,0.007352501
4134,0.9901706
4135,9.387732e-06
4136,0.95258784
4137,3.3289194e-05
4138,0.9997601
4139,6.3598156e-05
4140,0.46643743
4141,1.8656254e-05
4142,0.99974465
4143,1.1205673e-05
4144,1.6152859e-05
4145,0.9999988
4146,7.18534e-05
4147,1.3709068e-05
4148,2.2858381e-05
4149,0.0010274649
4150,0.031092525
4151,0.99997365
4152,1.7136335e-05
4153,0.00046491623
4154,0.9999968
4155,0.11047605
4156,0.00023373961
4157,0.0011367798
4158,0.020762384
4159,0.9999507
4160,0.99991536
4161,0.00015974045
4162,1.2934208e-05
4163,0.0014227927
4164,0.99833065
4165,0.00063943863
4166,2.9325485e-05
4167,0.99773276
4168,1.0
4169,0.07222232
4170,0.9994682
4171,0.00032696128
4172,0.9999528
4173,0.000102728605
4174,0.0011413991
4175,0.9999195
4176,2.3066998e-05
4177,0.9997989
4178,0.9999951
4179,0.0014532208
4180,0.99994045
4181,0.99996144
4182,0.0003207922
4183,0.77623016
4184,0.0431934
4185,0.9999971
4186,0.9996449
4187,5.9247017e-05
4188,0.0021683872
4189,0.99748516
4190,2.0444393e-05
4191,0.0076494217
4192,3.951788e-05
4193,0.9999708
4194,0.10355082
4195,0.99540174
4196,0.99997246
4197,0.99964917
4198,2.259016e-05
4199,0.040636897
4200,0.9969779
4201,0.015561461
4202,0.0006582737
4203,0.014399022
4204,0.0004505515
4205,0.031874657
4206,0.007836103
4207,0.046993613
4208,2.6077032e-05
4209,0.13004553
4210,0.9999504
4211,0.01295355
4212,0.0041098893
4213,4.7028065e-05
4214,0.10615036
4215,0.006289959
4216,1.0
4217,0.00018772483
4218,0.091100395
4219,0.0033107102
4220,0.01897496
4221,0.99768746
4222,0.9998851
4223,2.7567148e-05
4224,0.86154115
4225,2.5779009e-05
4226,7.236004e-05
4227,0.07405475
4228,0.9999055
4229,2.1219254e-05
4230,0.99922067
4231,0.0031784773
4232,0.00023013353
4233,0.9998542
4234,1.23381615e-05
4235,1.4334917e-05
4236,0.00030621886
4237,0.9999031
4238,0.100011885
4239,2.4199486e-05
4240,0.0030957758
4241,1.0
4242,0.00067797303
4243,0.99998486
4244,0.00035452843
4245,0.99999475
4246,0.9994806
4247,1.0
4248,0.99997896
4249,0.07915571
4250,0.0006503165
4251,0.2468023
4252,0.000577122
4253,0.003923446
4254,0.011261344
4255,0.057907283
4256,0.72121054
4257,1.0
4258,0.013363987
4259,0.00013834238
4260,0.19498256
4261,0.9999782
4262,1.0
4263,0.41679415
4264,0.9999248
4265,0.99995875
4266,0.006152004
4267,0.00010460615
4268,0.9999579
4269,0.0022196174
4270,8.165836e-06
4271,0.99999714
4272,0.00026363134
4273,0.00037831068
4274,0.00024974346
4275,0.999997
4276,0.000531584
4277,0.99978215
4278,0.9993522
4279,0.9861377
4280,0.008400053
4281,0.02387622
4282,0.99630666
4283,0.00024202466
4284,0.00012511015
4285,0.00094664097
4286,0.00019976497
4287,0.00032937527
4288,0.029797792
4289,0.29731607
4290,1.0460615e-05
4291,0.028103083
4292,0.00038954616
4293,0.001417309
4294,0.99998415
4295,0.9742732
4296,0.1899516
4297,0.005421877
4298,1.0
4299,0.9447685
4300,0.99995786
4301,6.8604946e-05
4302,0.00011202693
4303,1.5079975e-05
4304,0.99999356
4305,0.015789151
4306,0.0026806295
4307,0.05463904
4308,0.9842611
4309,0.9999978
4310,0.0003453791
4311,0.9996898
4312,0.011265904
4313,2.3543835e-05
4314,9.000301e-06
4315,0.9999143
4316,0.91545844
4317,0.99992263
4318,0.00051277876
4319,0.00033012033
4320,0.07024643
4321,0.15786713
4322,0.073500246
4323,0.9986733
4324,0.050283372
4325,0.9999012
4326,0.0004492402
4327,0.0001526177
4328,0.9999856
4329,0.03511268
4330,1.2040138e-05
4331,0.9999894
4332,0.00021222234
4333,0.00016394258
4334,6.0647726e-05
4335,0.0010859072
4336,0.9999957
4337,0.9999327
4338,0.99439263
4339,4.87864e-05
4340,0.008974999
4341,0.02369222
4342,0.000669986
4343,0.9981102
4344,0.99999446
4345,0.005591303
4346,0.9999999
4347,0.00024110079
4348,0.08451322
4349,0.001906842
4350,0.8378234
4351,0.00037786365
4352,0.0002026856
4353,1.0
4354,0.9973228
4355,0.0036536455
4356,0.99998015
4357,0.0019918382
4358,0.0021270514
4359,0.03251633
4360,1.0
4361,0.0069127977
4362,0.00044351816
4363,0.9999843
4364,0.99999857
4365,1.4424324e-05
4366,0.013446659
4367,0.00034677982
4368,3.3974648e-05
4369,1.7136335e-05
4370,0.99870956
4371,0.0073435605
4372,0.00088205934
4373,0.9987681
4374,0.99999464
4375,1.0
4376,0.040248454
4377,3.2782555e-05
4378,1.2814999e-05
4379,0.0052366853
4380,0.9999987
4381,0.003436923
4382,0.9955338
4383,0.99999857
4384,0.0061721504
4385,0.0009845495
4386,0.00036513805
4387,0.99994034
4388,0.10029575
4389,0.0018437207
4390,0.06488174
4391,0.024884671
4392,0.08134857
4393,0.9999992
4394,0.19632363
4395,0.034789354
4396,0.00034973025
4397,0.50424194
4398,0.015777946
4399,0.024547637
4400,0.0011118352
4401,0.00037160516
4402,0.12182233
4403,0.00039061904
4404,0.08446628
4405,1.1563301e-05
4406,0.99988806
4407,0.00053569674
4408,0.99999636
4409,0.00012880564
4410,0.0093509555
4411,0.96990776
4412,0.9925983
4413,0.00058186054
4414,0.9999889
4415,0.0038441718
4416,0.00053563714
4417,0.9998802
4418,0.99956167
4419,0.01581487
4420,0.011330128
4421,2.4616718e-05
4422,0.00013303757
4423,0.027445495
4424,0.98426926
4425,0.03439626
4426,0.6731664
4427,0.013616353
4428,0.9761082
4429,0.00031894445
4430,0.99452424
4431,1.0
4432,0.00072208047
4433,0.016009212
4434,0.99914324
4435,0.04764372
4436,0.99998796
4437,0.0006855726
4438,0.9996855
4439,0.99844253
4440,0.001419276
4441,0.0012165904
4442,1.0
4443,9.432435e-05
4444,0.0022984743
4445,0.00091567636
4446,4.723668e-05
4447,0.0010937452
4448,0.9990201
4449,0.9999112
4450,0.016539484
4451,4.7445297e-05
4452,0.9927786
4453,0.00086325407
4454,0.00028803945
4455,0.015733391
4456,0.3574556
4457,0.9878049
4458,1.0877848e-05
4459,0.15887243
4460,1.0
4461,0.035794705
4462,0.00012513995
4463,1.7732382e-05
4464,0.0013713241
4465,0.29201132
4466,0.013805121
4467,1.7225742e-05
4468,0.033923596
4469,4.5210123e-05
4470,0.99978554
4471,0.9999976
4472,0.0031683147
4473,2.336502e-05
4474,0.95528126
4475,0.9904748
4476,0.99936634
4477,0.9997395
4478,0.99994594
4479,0.0003401935
4480,0.9994485
4481,1.0
4482,2.82228e-05
4483,0.010285646
4484,0.0011728406
4485,0.0014416277
4486,0.014331341
4487,0.9986696
4488,0.084626704
4489,0.00014737248
4490,0.99736404
4491,0.000114798546
4492,0.004417032
4493,0.00020930171
4494,0.00051018596
4495,0.044513136
4496,0.019643068
4497,0.00034806132
4498,0.99993414
4499,0.1300078
4500,0.9998332
4501,0.9080945
4502,0.00019818544
4503,0.06275889
4504,0.99970376
4505,2.0742416e-05
4506,0.00025731325
4507,0.020591676
4508,1.6480684e-05
4509,0.0002257824
4510,0.00022214651
4511,0.00022670627
4512,0.99964046
4513,0.00036245584
4514,0.2003232
4515,0.99996495
4516,0.014673829
4517,0.00024306774
4518,0.07443941
4519,0.9996974
4520,0.0020226538
4521,0.008579671
4522,0.077853024
4523,0.2016187
4524,0.0020404756
4525,0.23661804
4526,0.00013169646
4527,0.27714217
4528,0.99939567
4529,0.00024941564
4530,0.014611602
4531,0.99862915
4532,0.05003485
4533,0.925861
4534,0.024867505
4535,1.5616417e-05
4536,0.99999046
4537,0.8758992
4538,0.99996257
4539,0.9989506
4540,0.0005264282
4541,0.0012145638
4542,1.0
4543,0.0005734265
4544,0.9672949
4545,0.9999767
4546,2.4795532e-05
4547,0.08673349
4548,0.9998784
4549,0.99999285
4550,0.99993664
4551,0.00016906857
4552,1.0
4553,0.99907386
4554,0.99995494
4555,0.055045396
4556,0.9900377
4557,0.019462228
4558,0.3296873
4559,0.0018381774
4560,0.9982091
4561,0.00065019727
4562,0.22404224
4563,0.9999856
4564,0.03177902
4565,0.0007032156
4566,0.0055461824
4567,1.2367964e-05
4568,0.00017404556
4569,0.9999962
4570,0.00023546815
4571,0.9989322
4572,1.3649464e-05
4573,2.4467707e-05
4574,1.707673e-05
4575,0.9999423
4576,0.9999474
4577,0.26245883
4578,0.00018244982
4579,3.388524e-05
4580,0.14895657
4581,2.7924776e-05
4582,1.8954277e-05
4583,1.8894672e-05
4584,1.7136335e-05
4585,0.013067216
4586,0.99999857
4587,0.99974245
4588,0.040385872
4589,0.9999958
4590,0.99999934
4591,0.046609133
4592,0.999882
4593,3.2007694e-05
4594,0.9989724
4595,0.00015667081
4596,0.0006400347
4597,0.017406106
4598,0.020167232
4599,2.142787e-05
4600,0.99999857
4601,0.0001872778
4602,0.12590313
4603,0.00049349666
4604,0.08067083
4605,0.99920964
4606,0.9996519
4607,0.0010004938
4608,0.012733281
4609,0.99999523
4610,0.16113651
4611,0.13926196
4612,0.9915503
4613,0.40700287
4614,0.99982035
4615,0.012473881
4616,1.0
4617,0.0005224049
4618,0.023633093
4619,9.432435e-05
4620,0.07824543
4621,1.6152859e-05
4622,1.0
4623,0.046907634
4624,5.6922436e-06
4625,0.009521961
4626,0.0044411123
4627,0.018732518
4628,0.9976836
4629,0.35679466
4630,0.8519258
4631,0.084831774
4632,0.00016078353
4633,3.1918287e-05
4634,0.0004492104
4635,0.01719144
4636,0.061843187
4637,0.00048092008
4638,0.00089654326
4639,1.0
4640,0.98313177
4641,0.00028422475
4642,1.4126301e-05
4643,0.7091896
4644,0.0005978942
4645,0.9999193
4646,0.45509818
4647,0.04929602
4648,0.99695206
4649,0.99883854
4650,0.9999403
4651,0.9999018
4652,0.9887109
4653,0.0031141639
4654,1.0
4655,0.010870129
4656,0.99999535
4657,0.48049712
4658,0.99352837
4659,0.9996444
4660,1.1742115e-05
4661,0.0106084645
4662,0.011986554
4663,0.9973377
4664,0.13367903
4665,0.031389773
4666,0.0018052459
4667,0.9992088
4668,0.011551529
4669,0.99535716
4670,0.00018581748
4671,0.04610184
4672,0.0008010864
4673,0.069829196
4674,0.0005595684
4675,0.9996853
4676,0.0424816
4677,0.07859129
4678,0.998879
4679,0.0121563375
4680,0.00047004223
4681,0.5350969
4682,1.0
4683,0.99984515
4684,0.00028982759
4685,1.3411045e-05
4686,0.0002501309
4687,0.5843951
4688,0.9992165
4689,0.009418875
4690,0.023274988
4691,0.04028669
4692,0.0010173917
4693,0.018400311
4694,9.5665455e-05
4695,2.7954578e-05
4696,0.9999791
4697,0.0002568066
4698,0.008908302
4699,0.022733778
4700,2.6613474e-05
4701,0.00049710274
4702,0.92645264
4703,0.00018996
4704,6.54459e-05
4705,0.0017119646
4706,0.00044095516
4707,0.00045385957
4708,0.13121635
4709,0.12085852
4710,2.6732683e-05
4711,1.7642975e-05
4712,0.0005221665
4713,1.0
4714,6.863475e-05
4715,0.0024957955
4716,3.2544136e-05
4717,0.9975643
4718,0.06130573
4719,0.007301569
4720,0.0017545819
4721,0.00030741096
4722,0.00024873018
4723,0.0002566874
4724,0.97847164
4725,0.108965546
4726,8.4102154e-05
4727,0.79197395
4728,1.0
4729,0.031025201
4730,0.86587167
4731,0.99985504
4732,0.0016025901
4733,0.18433642
4734,0.99958086
4735,0.0010020137
4736,0.0004298687
4737,2.8163195e-05
4738,1.0
4739,0.99989593
4740,0.9999999
4741,0.9994796
4742,0.14065224
4743,0.9998515
4744,2.0295382e-05
4745,0.99995863
4746,0.07217273
4747,0.08195028
4748,0.008152306
4749,3.4362078e-05
4750,0.00014168024
4751,0.9986993
4752,2.3245811e-05
4753,0.5866833
4754,0.00024142861
4755,1.0
4756,0.012222439
4757,0.8304241
4758,0.34242254
4759,0.00262779
4760,2.1487474e-05
4761,0.9999256
4762,0.9999838
4763,4.029274e-05
4764,0.1987541
4765,0.00026467443
4766,0.9998816
4767,0.079818755
4768,0.6595975
4769,0.031132162
4770,0.0030053258
4771,0.30952895
4772,0.9999985
4773,0.9998764
4774,0.00017306209
4775,1.6242266e-05
4776,0.07934284
4777,0.9944874
4778,0.100391805
4779,0.13008118
4780,0.99448395
4781,1.0
4782,0.08183801
4783,1.3619661e-05
4784,0.00041428208
4785,0.009874344
4786,0.9999786
4787,2.6077032e-05
4788,0.024081737
4789,0.99777377
4790,0.0013630986
4791,0.0010040402
4792,0.20391417
4793,0.9999988
4794,0.92201555
4795,0.99579775
4796,0.00028312206
4797,0.037448406
4798,0.0008828938
4799,0.041706562
4800,1.0
4801,0.00063315034
4802,0.9999906
4803,0.040983945
4804,0.7784083
4805,0.0001886487
4806,0.04688698
4807,0.9999348
4808,0.0005647838
4809,0.0007674694
4810,0.99999404
4811,0.00017154217
4812,3.1083822e-05
4813,0.0003556311
4814,6.6280365e-05
4815,1.0
4816,0.9159982
4817,5.596876e-05
4818,0.0005401969
4819,4.2706728e-05
4820,1.0
4821,0.9999889
4822,0.00024667382
4823,0.032824785
4824,0.0015543103
4825,0.0005299449
4826,0.0016816854
4827,0.00013267994
4828,0.031401604
4829,1.4156103e-05
4830,0.00014153123
4831,0.6300157
4832,1.0
4833,0.011115521
4834,1.0
4835,0.04541996
4836,0.00038725138
4837,0.00017869473
4838,0.0011807382
4839,0.99993753
4840,1.7940998e-05
4841,1.9878149e-05
4842,0.011483043
4843,0.0006724596
4844,0.9997128
4845,0.9999615
4846,0.00053954124
4847,1.04904175e-05
4848,0.899716
4849,0.027913898
4850,0.028467625
4851,0.00039294362
4852,0.019901544
4853,0.007727325
4854,0.9994297
4855,0.99990475
4856,0.089767635
4857,0.07261935
4858,0.16010147
4859,1.0728836e-05
4860,0.9884882
4861,0.021392852
4862,0.17994758
4863,0.9994072
4864,0.00020697713
4865,0.0016353726
4866,0.06670657
4867,0.07003796
4868,0.00021111965
4869,0.5293618
4870,0.9993653
4871,0.07543802
4872,0.99999845
4873,0.9999722
4874,0.00034588575
4875,0.99999857
4876,8.791685e-06
4877,0.9958179
4878,0.00015720725
4879,0.014896244
4880,1.0
4881,0.9998381
4882,0.007885128
4883,0.00014138222
4884,0.011964142
4885,0.99999654
4886,0.0015985072
4887,0.0004144609
4888,0.06407541
4889,0.99999446
4890,0.06832641
4891,0.00047683716
4892,0.00022286177
4893,0.9984871
4894,0.99812627
4895,0.9821776
4896,0.9996054
4897,0.00020855665
4898,0.011226326
4899,0.0005414784
4900,1.937151e-05
4901,0.8793603
4902,0.0002811253
4903,0.00016915798
4904,0.06530222
4905,0.9999558
4906,1.04010105e-05
4907,0.14128622
4908,0.00024291873
4909,0.98150843
4910,1.8060207e-05
4911,0.014625251
4912,0.00048151612
4913,0.9974351
4914,0.00034934282
4915,0.99998915
4916,0.00032275915
4917,1.3381243e-05
4918,0.9906853
4919,0.0015129149
4920,0.45180717
4921,0.0005257726
4922,0.0015826225
4923,0.014996827
4924,0.107275456
4925,0.012529433
4926,0.021652013
4927,1.0
4928,0.9966738
4929,1.79708e-05
4930,0.0052555203
4931,0.99948835
4932,0.9690411
4933,2.8759241e-05
4934,0.99988526
4935,0.9963973
4936,0.99987245
4937,0.9995717
4938,0.0019783974
4939,0.01280129
4940,0.031610906
4941,0.81385577
4942,0.99990344
4943,0.997128
4944,0.0030812025
4945,0.9999957
4946,0.00059077144
4947,0.00020509958
4948,1.8686056e-05
4949,0.0067727566
4950,2.0205975e-05
4951,0.00035595894
4952,9.596348e-06
4953,0.031202018
4954,0.9999211
4955,0.0513677
4956,0.99955183
4957,0.0008479357
4958,0.0034159422
4959,4.3272972e-05
4960,0.010522932
4961,0.075739205
4962,0.016589612
4963,4.839897e-05
4964,0.010526329
4965,0.99831647
4966,0.014406294
4967,0.9868341
4968,0.9956155
4969,1.0
4970,0.16167018
4971,0.020652592
4972,0.99991596
4973,0.18298018
4974,0.0013352334
4975,0.015139103
4976,0.017619282
4977,0.0011266768
4978,0.00013101101
4979,1.0
4980,0.0018867254
4981,0.00010430813
4982,0.0695748
4983,0.00041240454
4984,4.2438507e-05
4985,0.005307287
4986,0.99947864
4987,0.69457114
4988,0.0011847615
4989,0.0011585653
4990,0.9546834
4991,3.8951635e-05
4992,1.0
4993,0.053757936
4994,1.0639429e-05
4995,0.059598356
4996,0.99998474
4997,0.032057673
4998,0.00021222234
4999,0.99999124
5000,1.0
5001,1.3589859e-05
5002,0.9993039
5003,0.9949312
5004,0.999998
5005,0.07595131
5006,0.03362742
5007,0.00032892823
5008,0.031970352
5009,0.9999976
5010,8.6426735e-06
5011,0.002051562
5012,1.0
5013,0.99996525
5014,0.0001834333
5015,0.0003965199
5016,1.2308359e-05
5017,0.120695174
5018,0.010725647
5019,1.0
5020,1.0
5021,0.010472804
5022,1.0
5023,0.9989201
5024,5.5015087e-05
5025,0.9998864
5026,0.7892622
5027,0.9999217
5028,0.24264893
5029,0.00030636787
5030,0.003224969
5031,0.99535537
5032,0.000289917
5033,0.99998236
5034,0.0007086396
5035,0.0099217
5036,0.00023284554
5037,3.2424927e-05
5038,2.002716e-05
5039,0.9999987
5040,0.99143636
5041,0.9999966
5042,0.99999166
5043,0.012821764
5044,0.053220123
5045,0.2360054
5046,0.9999833
5047,1.4901161e-05
5048,1.0
5049,0.05791363
5050,6.172061e-05
5051,0.016614825
5052,0.9999971
5053,0.44218943
5054,1.0
5055,0.0017494857
5056,0.9998081
5057,9.992719e-05
5058,0.00045320392
5059,0.027412057
5060,0.9982896
5061,0.00053575635
5062,0.9998901
5063,0.18327287
5064,0.0014038384
5065,0.031324446
5066,1.0
5067,1.6272068e-05
5068,0.012462288
5069,2.0623207e-05
5070,0.12015998
5071,0.0270347
5072,0.99988866
5073,1.7285347e-05
5074,0.00017517805
5075,0.023584187
5076,0.0002322495
5077,0.057960182
5078,0.01762271
5079,1.0
5080,0.120381296
5081,0.9944134
5082,0.03143519
5083,1.0
5084,0.99998146
5085,0.0006159544
5086,0.36954966
5087,0.9999721
5088,0.99999785
5089,0.99999166
5090,9.208918e-06
5091,0.00037553906
5092,2.5987625e-05
5093,0.007275462
5094,0.9999938
5095,1.8566847e-05
5096,1.0
5097,0.0005006194
5098,1.0281801e-05
5099,0.86918914
5100,1.4841557e-05
5101,5.567074e-05
5102,0.9983257
5103,0.03853637
5104,0.948128
5105,0.000890553
5106,0.99180734
5107,0.012677401
5108,0.99972105
5109,9.655952e-06
5110,0.061900914
5111,0.34713563
5112,0.012578011
5113,1.9520521e-05
5114,0.9998075
5115,0.00041225553
5116,1.0
5117,0.02391541
5118,0.99881065
5119,0.023792773
5120,0.00015464425
5121,2.8431416e-05
5122,2.387166e-05
5123,0.999962
5124,0.0060614944
5125,1.0
5126,0.9989699
5127,0.999931
5128,1.0877848e-05
5129,0.9351062
5130,0.0023250282
5131,7.82907e-05
5132,0.00016540289
5133,0.033553928
5134,1.0
5135,0.04513839
5136,0.99980366
5137,0.026874602
5138,3.2275915e-05
5139,0.00018709898
5140,0.0007971227
5141,0.010730505
5142,2.1755695e-05
5143,0.047372878
5144,0.9999466
5145,0.0007316768
5146,0.00020423532
5147,4.3213367e-05
5148,0.058431447
5149,0.9989326
5150,0.3047548
5151,0.15086561
5152,0.03842646
5153,0.9999628
5154,0.8356569
5155,0.14167291
5156,0.00025075674
5157,0.9940196
5158,0.0031448305
5159,0.00072944164
5160,0.87737894
5161,0.99612343
5162,0.0012954473
5163,0.24496058
5164,0.9974346
5165,0.00031524897
5166,0.99990517
5167,3.5375357e-05
5168,0.057062566
5169,0.999902
5170,0.015810043
5171,0.00015157461
5172,0.99609077
5173,0.015343159
5174,0.017931432
5175,0.99134374
5176,0.99458843
5177,1.8447638e-05
5178,0.035271287
5179,0.88769376
5180,0.00015494227
5181,0.13912219
5182,0.0026666522
5183,0.016929895
5184,0.00022929907
5185,0.00023624301
5186,0.99992484
5187,1.0
5188,0.00020885468
5189,0.0001770258
5190,0.23964807
5191,0.00026133657
5192,0.9052913
5193,0.99855304
5194,1.1473894e-05
5195,0.00023281574
5196,0.019516438
5197,0.9999702
5198,0.008243233
5199,0.003123194
5200,0.09260392
5201,0.00030630827
5202,9.864569e-06
5203,0.029974073
5204,0.05852899
5205,1.7791986e-05
5206,0.41435182
5207,3.6776066e-05
5208,9.089708e-06
5209,0.99845564
5210,0.026363403
5211,0.9999958
5212,0.000169456
5213,1.5199184e-05
5214,8.136034e-06
5215,0.23152691
5216,0.00019195676
5217,0.99999946
5218,0.3670878
5219,1.0
5220,0.00029990077
5221,0.007834703
5222,0.017950684
5223,0.8608756
5224,0.08901417
5225,0.9999087
5226,0.079019696
5227,0.00028038025
5228,0.02457723
5229,0.9939246
5230,1.7672777e-05
5231,0.0049449205
5232,0.99908024
5233,0.065134734
5234,0.99926627
5235,0.9946588
5236,0.99995816
5237,0.03416878
5238,1.0
5239,0.99969363
5240,0.9994402
5241,0.0021563172
5242,0.056351274
5243,0.00017488003
5244,0.00024804473
5245,0.00041913986
5246,0.015566319
5247,0.00025624037
5248,0.00022190809
5249,0.99995947
5250,2.1547079e-05
5251,0.08062819
5252,0.018696904
5253,0.014434606
5254,0.15870643
5255,0.00038024783
5256,0.9999949
5257,0.99556935
5258,0.0019324124
5259,0.99994934
5260,2.7030706e-05
5261,0.015719414
5262,0.013838291
5263,0.99891305
5264,0.11522645
5265,0.98306394
5266,1.8298626e-05
5267,0.03334859
5268,1.0
5269,0.98694617
5270,0.9999052
5271,0.017545283
5272,0.38235432
5273,0.00031384826
5274,0.039724022
5275,0.0006419718
5276,1.5497208e-05
5277,1.0
5278,9.834766e-06
5279,0.027471542
5280,0.99862176
5281,0.06504297
5282,1.13248825e-05
5283,0.24424359
5284,0.979879
5285,0.9999999
5286,0.99973714
5287,0.00046804547
5288,0.0011134446
5289,0.000834465
5290,0.0003079772
5291,0.00021755695
5292,0.012758613
5293,0.0003746748
5294,0.20574737
5295,1.0609627e-05
5296,4.568696e-05
5297,0.000751853
5298,0.9998803
5299,0.2550606
5300,0.9999701
5301,0.018980026
5302,0.9998413
5303,1.5288591e-05
5304,9.953976e-06
5305,0.047753036
5306,0.12639081
5307,0.99910176
5308,0.00089529157
5309,0.97013086
5310,0.03811598
5311,0.0053201914
5312,0.9997933
5313,0.7630441
5314,1.8507242e-05
5315,0.001173377
5316,0.9989306
5317,0.6423438
5318,0.0022976696
5319,0.09885454
5320,0.032735795
5321,0.004747778
5322,0.1220319
5323,1.0
5324,2.0384789e-05
5325,0.0005746782
5326,0.9123614
5327,0.00093224645
5328,0.00023058057
5329,0.99971604
5330,0.00024431944
5331,0.2262682
5332,0.88875806
5333,0.0013922453
5334,1.8030405e-05
5335,3.6269426e-05
5336,0.00036495924
5337,0.008632809
5338,0.9982368
5339,0.0012996793
5340,2.8043985e-05
5341,2.5242567e-05
5342,0.00022435188
5343,0.9999352
5344,0.9999534
5345,3.6239624e-05
5346,0.8678647
5347,1.0
5348,0.031853408
5349,8.761883e-06
5350,0.0069932938
5351,0.11470154
5352,3.97861e-05
5353,0.014543712
5354,0.0069942772
5355,0.69554675
5356,0.0005671978
5357,0.102909505
5358,0.9999261
5359,0.03512022
5360,0.99909174
5361,0.0035603642
5362,5.2928925e-05
5363,0.00047075748
5364,0.99994177
5365,2.2470951e-05
5366,0.99994755
5367,0.00018128753
5368,0.99983156
5369,0.9994994
5370,0.27869415
5371,1.0
5372,0.22904304
5373,0.012497276
5374,0.99999917
5375,0.00019183755
5376,0.99998355
5377,0.000410676
5378,1.180172e-05
5379,0.99999547
5380,0.14987016
5381,0.12158477
5382,1.8060207e-05
5383,0.00018957257
5384,0.00023236871
5385,0.0003437996
5386,0.00022512674
5387,0.9999944
5388,0.99999094
5389,0.9999499
5390,0.02850625
5391,0.9999601
5392,0.0057358444
5393,3.1083822e-05
5394,0.3439319
5395,0.9991992
5396,0.9999919
5397,0.0003286898
5398,0.99750805
5399,0.0002720356
5400,0.10526124
5401,0.9999966
5402,0.9999969
5403,0.093904585
5404,0.7531055
5405,4.440546e-05
5406,1.591444e-05
5407,3.4719706e-05
5408,0.9999827
5409,0.99981344
5410,7.104874e-05
5411,5.2571297e-05
5412,1.0
5413,0.17795327
5414,0.0005441308
5415,0.046204895
5416,1.5825033e-05
5417,2.7447939e-05
5418,0.99998534
5419,0.0008126199
5420,0.059823006
5421,0.9997995
5422,1.1056662e-05
5423,1.7523766e-05
5424,0.99916846
5425,0.21332765
5426,6.592274e-05
5427,0.99325585
5428,0.0007031262
5429,0.000184834
5430,1.0
5431,0.97899735
5432,1.5974045e-05
5433,0.019739479
5434,1.2993813e-05
5435,0.13157856
5436,0.00012180209
5437,0.012777448
5438,0.0027998686
5439,0.9997367
5440,1.3768673e-05
5441,0.06306121
5442,1.0
5443,1.2814999e-05
5444,0.0023867488
5445,0.042488754
5446,0.0023223162
5447,0.31622183
5448,0.10698447
5449,1.9997358e-05
5450,0.25120118
5451,0.006284207
5452,0.9996437
5453,0.02636975
5454,0.03181973
5455,0.00023552775
5456,0.00010731816
5457,3.772974e-05
5458,0.00037947297
5459,0.00084489584
5460,0.005867511
5461,0.06270999
5462,0.65295976
5463,0.99862754
5464,3.3587217e-05
5465,9.298325e-06
5466,3.9428473e-05
5467,0.9999935
5468,0.9999985
5469,0.9996796
5470,0.019890726
5471,0.9992751
5472,0.0002771616
5473,0.004355401
5474,0.00037822127
5475,0.9998945
5476,0.0005991757
5477,0.99615586
5478,5.081296e-05
5479,0.9989661
5480,0.00018459558
5481,1.0251999e-05
5482,0.00114277
5483,1.4871359e-05
5484,0.0009936392
5485,0.003045261
5486,1.0758638e-05
5487,0.9971435
5488,0.0027303994
5489,0.989517
5490,0.99352646
5491,0.99999726
5492,0.9960185
5493,0.019758254
5494,1.0
5495,1.6510487e-05
5496,0.217711
5497,1.1652708e-05
5498,0.99911034
5499,0.0008519888
5500,0.003023386
5501,0.3385745
5502,1.0
5503,2.1547079e-05
5504,1.0
5505,1.0
5506,8.434057e-06
5507,1.0
5508,0.0036883056
5509,0.07001504
5510,0.012227327
5511,0.9999774
5512,0.062530726
5513,0.0003682673
5514,0.9999974
5515,0.40718055
5516,0.057889372
5517,0.99999684
5518,0.9942303
5519,1.9282103e-05
5520,0.99708426
5521,0.0006495416
5522,0.1669775
5523,0.9998717
5524,4.529953e-05
5525,2.1785498e-05
5526,0.01979503
5527,0.999975
5528,0.00023803115
5529,0.4964234
5530,0.046376765
5531,0.99069476
5532,1.0
5533,1.1742115e-05
5534,0.00053969026
5535,0.014547884
5536,0.998289
5537,1.0
5538,0.96909744
5539,0.9992029
5540,8.583069e-06
5541,0.9999681
5542,2.6911497e-05
5543,0.02403444
5544,0.045540303
5545,0.040170163
5546,0.74493545
5547,1.8447638e-05
5548,1.0
5549,5.5909157e-05
5550,0.9999659
5551,0.0010991395
5552,0.9999947
5553,0.99990356
5554,0.15028131
5555,4.157424e-05
5556,1.0
5557,0.99782777
5558,0.01653856
5559,0.9995656
5560,0.096043736
5561,0.00016251206
5562,0.00015047193
5563,0.0019844472
5564,0.0004015565
5565,0.0064429343
5566,0.24400455
5567,0.9999026
5568,0.015800118
5569,0.9999988
5570,0.99993014
5571,0.9999387
5572,1.6570091e-05
5573,0.9887772
5574,0.9989716
5575,0.99993944
5576,0.8375119
5577,0.03613031
5578,0.99943286
5579,0.99989974
5580,0.6120586
5581,0.0005533993
5582,0.99921554
5583,0.9997883
5584,0.024191529
5585,3.9994717e-05
5586,1.1622906e-05
5587,1.8030405e-05
5588,0.0022072792
5589,0.00019159913
5590,2.6792288e-05
5591,0.0023202598
5592,0.05461788
5593,0.0002847314
5594,1.0
5595,0.06982511
5596,1.3113022e-05
5597,0.96891737
5598,0.9999573
5599,0.00038808584
5600,0.001367271
5601,0.96357554
5602,0.00050598383
5603,0.98930466
5604,0.71670246
5605,0.9359982
5606,0.00013104081
5607,0.1130791
5608,4.4852495e-05
5609,0.0014187992
5610,1.0
5611,0.0005913973
5612,0.19130462
5613,0.99999225
5614,0.00069084764
5615,0.0005365312
5616,0.9827763
5617,0.00020438433
5618,1.0
5619,0.99994653
5620,0.99994594
5621,0.99953854
5622,0.07064065
5623,0.0002284646
5624,0.00011733174
5625,2.2381544e-05
5626,0.025394112
5627,0.041716427
5628,0.99999493
5629,0.99997437
5630,0.99999535
5631,0.9999891
5632,0.007729262
5633,0.0011704862
5634,0.0019656718
5635,0.9999925
5636,0.20277718
5637,0.9999964
5638,1.0
5639,0.009654671
5640,0.99953
5641,0.17835179
5642,0.00027301908
5643,0.00065660477
5644,0.0002949834
5645,1.0
5646,0.14247867
5647,0.99992484
5648,0.96170604
5649,0.9999578
5650,0.01051563
5651,1.0102987e-05
5652,1.0
5653,0.018915951
5654,0.0011310875
5655,0.9999269
5656,0.0691587
5657,0.9953947
5658,0.0002962947
5659,0.0016278923
5660,0.11453605
5661,0.00018256903
5662,0.99983597
5663,0.00028017163
5664,0.5299328
5665,0.08967677
5666,0.9958764
5667,1.0
5668,0.0058329403
5669,5.811453e-05
5670,0.9998163
5671,0.014792532
5672,0.17492813
5673,0.014437348
5674,0.002722025
5675,0.00025698543
5676,0.99999434
5677,0.999405
5678,0.9989983
5679,1.513958e-05
5680,2.4139881e-05
5681,0.009162039
5682,0.015239745
5683,0.9989128
5684,0.001871258
5685,0.99996006
5686,0.9997171
5687,0.9881426
5688,0.024548978
5689,0.015815288
5690,0.04712549
5691,0.9948642
5692,0.9999994
5693,0.54323566
5694,0.010447741
5695,0.9999957
5696,1.0
5697,0.9547019
5698,0.9999963
5699,0.10493994
5700,0.043042213
5701,0.0001757443
5702,0.049072474
5703,1.5258789e-05
5704,0.26105928
5705,0.00014615059
5706,1.0
5707,0.9945531
5708,0.9992497
5709,0.00034219027
5710,0.9996867
5711,0.00017568469
5712,1.6123056e-05
5713,0.99284637
5714,0.00048848987
5715,0.016844183
5716,0.09277165
5717,1.6540289e-05
5718,1.0
5719,0.98200834
5720,0.0008994937
5721,0.07007274
5722,4.938245e-05
5723,0.09369832
5724,0.05191365
5725,0.001272738
5726,0.014234066
5727,1.0
5728,0.00015977025
5729,0.9629197
5730,0.010637373
5731,0.99965906
5732,1.31726265e-05
5733,0.002044946
5734,0.00023767352
5735,0.99295425
5736,0.01353246
5737,3.9726496e-05
5738,1.0
5739,0.0003632903
5740,0.000119417906
5741,0.083265245
5742,3.632903e-05
5743,0.08193892
5744,0.97517097
5745,0.9998765
5746,0.0031070113
5747,2.4199486e-05
5748,0.00090557337
5749,0.0005749166
5750,0.000192523
5751,0.0005299449
5752,0.105591685
5753,0.017610997
5754,0.99876064
5755,0.0031187236
5756,0.95623356
5757,0.16598311
5758,0.00032189488
5759,0.596975
5760,0.01020667
5761,1.0
5762,0.4521215
5763,0.9493294
5764,0.03305775
5765,0.0009009242
5766,0.0039118826
5767,0.0026637316
5768,0.0010009408
5769,0.9999993
5770,0.015950024
5771,0.005735576
5772,0.99998987
5773,0.45228806
5774,0.99999726
5775,0.00070250034
5776,0.99955475
5777,1.7672777e-05
5778,0.0019915104
5779,0.96732897
5780,0.0003439784
5781,0.26187614
5782,1.0
5783,0.00045242906
5784,0.20430863
5785,0.0003554225
5786,1.4275312e-05
5787,0.10786086
5788,0.998835
5789,0.9999372
5790,1.5079975e-05
5791,2.6196241e-05
5792,1.6272068e-05
5793,0.044343352
5794,4.0739775e-05
5795,0.9999982
5796,1.7225742e-05
5797,0.0010431707
5798,0.0067228675
5799,0.00011473894
5800,0.023186535
5801,0.21911347
5802,0.0404765
5803,0.9999398
5804,0.00018706918
5805,0.028471261
5806,0.9999675
5807,0.048574954
5808,0.99974847
5809,0.01127404
5810,0.1467739
5811,8.1419945e-05
5812,1.3917685e-05
5813,0.99520606
5814,0.99999654
5815,0.002889663
5816,0.01788181
5817,0.99909973
5818,0.9999969
5819,0.003954023
5820,0.0003671348
5821,0.999953
5822,1.3798475e-05
5823,0.031595707
5824,0.9998575
5825,0.9770096
5826,0.0011109114
5827,0.00033575296
5828,0.00025317073
5829,0.023135424
5830,0.99983025
5831,1.8000603e-05
5832,0.0004069209
5833,0.0003876686
5834,1.6093254e-05
5835,1.0
5836,0.0044712424
5837,0.998078
5838,0.054823756
5839,0.038583398
5840,0.010140419
5841,0.08967519
5842,0.00040829182
5843,0.30102876
5844,0.030382305
5845,0.00073570013
5846,1.2010336e-05
5847,0.019937903
5848,5.814433e-05
5849,0.9999437
5850,0.027974129
5851,0.99993944
5852,0.99999774
5853,0.005687982
5854,0.010812581
5855,4.1425228e-05
5856,0.028361619
5857,2.4855137e-05
5858,0.997265
5859,0.9999215
5860,0.99998534
5861,1.5765429e-05
5862,9.652972e-05
5863,0.0017240345
5864,0.9999292
5865,0.00025844574
5866,0.022438794
5867,0.99986684
5868,0.9988247
5869,1.1503696e-05
5870,0.00046947598
5871,3.2037497e-05
5872,0.0283719
5873,0.9458053
5874,0.006963283
5875,0.0001834333
5876,0.0003952682
5877,0.9888022
5878,0.0001821518
5879,0.00075641274
5880,0.005335748
5881,0.399978
5882,0.011334181
5883,0.00039297342
5884,0.00016847253
5885,0.9962865
5886,0.11651501
5887,0.00031986833
5888,0.99998933
5889,1.5228987e-05
5890,6.7174435e-05
5891,0.7881266
5892,0.0027367473
5893,0.00022259355
5894,0.25499785
5895,0.00024032593
5896,1.0073185e-05
5897,1.5467405e-05
5898,1.6272068e-05
5899,0.99945855
5900,0.03972411
5901,0.06887594
5902,0.10985273
5903,0.0027175248
5904,0.0014854074
5905,8.195639e-06
5906,0.77609706
5907,0.9999916
5908,0.99987566
5909,0.99871254
5910,4.5865774e-05
5911,0.9860394
5912,0.00029060245
5913,1.1205673e-05
5914,0.0010993481
5915,0.06919849
5916,0.999855
5917,0.010819584
5918,0.9999068
5919,0.9999217
5920,0.006457597
5921,0.0066387355
5922,1.0
5923,0.9861115
5924,9.924173e-06
5925,0.14050213
5926,0.0003527701
5927,0.9991757
5928,0.40025052
5929,1.8924475e-05
5930,0.00011897087
5931,0.04250455
5932,0.9999976
5933,0.13076043
5934,0.9493915
5935,0.9999517
5936,0.012154967
5937,0.99999845
5938,1.0
5939,0.00017502904
5940,0.9997947
5941,0.0009326637
5942,0.00063085556
5943,0.42222828
5944,0.00043061376
5945,0.0045378506
5946,0.0032681525
5947,1.0
5948,8.672476e-06
5949,1.8119812e-05
5950,0.38934755
5951,0.9994439
5952,1.0
5953,4.476309e-05
5954,1.0
5955,0.0023987293
5956,0.000872761
5957,0.56483364
5958,0.00024995208
5959,0.9999568
5960,0.9998952
5961,0.00035071373
5962,1.0
5963,0.9999795
5964,0.019751996
5965,0.0036737323
5966,1.475215e-05
5967,0.0012182593
5968,0.037846684
5969,0.00927946
5970,0.0025987625
5971,0.00046119094
5972,0.9999945
5973,0.99997866
5974,1.0
5975,0.05593115
5976,0.7896011
5977,0.99896955
5978,0.9869913
5979,0.9982322
5980,0.00010842085
5981,0.00025728345
5982,0.9999577
5983,0.99371994
5984,2.1278858e-05
5985,0.9999969
5986,0.00065261126
5987,0.002465427
5988,0.002704829
5989,0.99945325
5990,0.99995303
5991,0.99995756
5992,0.99861395
5993,0.014801145
5994,2.6017427e-05
5995,0.00021779537
5996,0.9517193
5997,0.9998417
5998,0.9994898
5999,0.013521075
6000,0.011964798
6001,0.07948285
6002,2.2947788e-05
6003,0.016141415
6004,0.032646656
6005,0.004966438
6006,1.0341406e-05
6007,0.00017392635
6008,0.0060079396
6009,0.99678314
6010,0.1216768
6011,0.99966085
6012,7.867813e-06
6013,0.33200806
6014,4.079938e-05
6015,0.027105778
6016,0.003648281
6017,0.046132
6018,0.120051175
6019,0.9972693
6020,0.15059423
6021,0.009259969
6022,0.016464889
6023,0.99828786
6024,1.0
6025,0.99963975
6026,0.041606307
6027,0.34778604
6028,1.0
6029,3.1858683e-05
6030,0.9986245
6031,0.99008125
6032,0.99999464
6033,0.6389831
6034,0.018847495
6035,0.0040088
6036,0.00035518408
6037,0.99999774
6038,0.04431182
6039,0.9999951
6040,2.759695e-05
6041,0.009498984
6042,0.0005170405
6043,1.2516975e-05
6044,0.00016778708
6045,0.009802401
6046,0.09224704
6047,0.99996024
6048,2.2110502e-05
6049,0.081537716
6050,2.2066688e-05
